No,PM_Jingan
41333,114
41335,126
41336,117
41337,208
41338,146
41339,89
41340,60
41341,73
41342,66
41343,70
41344,255
41345,242
41346,80
41347,210
41348,242
41350,9
41351,61
41352,246
41353,200
41354,16
41355,71
41356,214
41357,146
41358,244
41359,148
41361,13
41362,253
41363,49
41364,255
41365,157
41366,163
41367,189
41368,62
41370,209
41371,129
41372,136
41374,149
41375,124
41376,161
41378,109
41379,213
41381,220
41382,96
41383,143
41384,204
41386,169
41387,108
41388,228
41389,156
41390,54
41391,88
41392,16
41393,28
41394,229
41395,42
41396,10
41397,61
41398,118
41399,231
41400,146
41401,201
41402,58
41403,124
41404,196
41405,201
41406,155
41407,76
41408,145
41409,61
41411,37
41412,43
41413,123
41416,5
41417,124
41418,38
41419,231
41420,76
41421,145
41422,191
41423,226
41424,111
41426,213
41428,242
41430,129
41431,249
41432,185
41433,247
41434,185
41435,47
41436,122
41437,176
41438,182
41439,50
41440,132
41441,100
41442,224
41443,93
41444,17
41445,40
41446,118
41447,171
41448,120
41449,120
41450,92
41451,38
41452,221
41453,205
41454,163
41455,116
41456,28
41457,21
41458,35
41459,187
41460,195
41461,46
41463,40
41464,6
41465,195
41466,50
41467,61
41468,13
41469,105
41470,101
41471,89
41472,135
41474,97
41475,213
41476,178
41477,224
41478,239
41479,49
41480,99
41481,62
41482,254
41483,163
41484,8
41485,238
41486,77
41487,44
41488,117
41489,4
41490,112
41491,220
41492,111
41493,18
41494,40
41495,22
41496,221
41497,15
41498,194
41499,60
41500,172
41501,139
41502,131
41503,30
41504,67
41505,237
41506,147
41508,18
41511,240
41512,104
41513,227
41514,157
41515,38
41516,169
41517,173
41518,233
41519,219
41520,83
41522,120
41523,111
41524,82
41525,57
41526,206
41527,98
41528,217
41529,164
41530,35
41531,177
41532,36
41533,254
41534,94
41535,133
41536,28
41537,234
41538,82
41539,198
41540,89
41541,179
41543,128
41544,172
41545,221
41547,253
41548,101
41549,143
41550,90
41551,201
41552,208
41553,66
41554,139
41556,14
41557,122
41559,156
41560,238
41561,185
41562,186
41563,200
41564,110
41565,118
41566,160
41567,11
41568,189
41570,72
41571,23
41572,26
41573,58
41574,69
41575,161
41576,133
41578,53
41579,175
41580,17
41581,14
41583,212
41584,55
41585,218
41586,188
41587,201
41588,105
41590,222
41591,7
41592,140
41593,42
41594,78
41595,251
41596,57
41597,122
41598,14
41599,145
41600,247
41602,191
41603,223
41604,254
41605,109
41606,158
41607,134
41608,35
41609,173
41610,252
41611,89
41612,31
41614,47
41615,15
41616,240
41617,199
41619,124
41620,127
41621,195
41622,37
41623,111
41624,137
41627,181
41628,83
41629,91
41630,106
41631,232
41633,175
41635,87
41636,166
41637,189
41638,251
41639,137
41640,210
41641,28
41642,134
41643,170
41644,12
41645,179
41646,48
41647,94
41649,117
41650,76
41651,97
41652,28
41653,229
41654,185
41655,78
41656,233
41657,147
41658,131
41659,187
41660,85
41661,88
41662,170
41663,243
41664,228
41666,178
41667,30
41668,159
41669,4
41670,4
41671,120
41672,84
41673,135
41674,99
41675,56
41676,224
41677,111
41678,216
41679,204
41680,252
41681,140
41682,234
41683,237
41684,165
41685,234
41686,62
41687,41
41688,250
41689,218
41690,167
41691,241
41692,243
41693,143
41694,177
41695,55
41696,104
41697,189
41698,233
41699,229
41700,13
41701,5
41702,169
41703,74
41704,41
41705,77
41706,116
41707,28
41708,33
41709,247
41710,147
41711,240
41712,118
41713,114
41714,250
41715,76
41716,233
41717,217
41718,244
41719,3
41720,12
41721,98
41722,183
41723,225
41724,230
41725,69
41726,203
41727,108
41728,245
41729,127
41730,115
41731,251
41732,75
41733,233
41734,120
41735,218
41736,7
41737,245
41738,168
41739,250
41740,210
41741,162
41742,38
41743,94
41744,186
41745,90
41746,205
41747,86
41748,38
41749,70
41750,135
41751,20
41752,119
41753,51
41754,92
41755,51
41756,133
41757,233
41758,32
41759,210
41760,205
41762,65
41763,255
41764,53
41765,12
41766,120
41767,217
41768,75
41769,88
41770,22
41771,145
41772,139
41773,48
41774,144
41775,156
41776,103
41777,130
41778,77
41779,12
41780,135
41781,93
41782,245
41783,108
41784,123
41785,85
41786,62
41787,133
41788,73
41789,227
41790,134
41791,88
41792,92
41793,135
41794,111
41795,192
41796,127
41797,174
41798,100
41799,26
41800,107
41801,65
41802,224
41803,187
41804,180
41805,65
41806,32
41807,130
41808,99
41810,210
41811,235
41812,200
41813,87
41814,35
41815,84
41816,245
41817,155
41819,86
41820,7
41821,58
41822,93
41823,50
41824,225
41825,82
41826,225
41827,15
41828,62
41829,42
41830,201
41831,55
41832,237
41833,65
41834,197
41835,95
41836,196
41837,69
41838,233
41839,228
41840,145
41841,211
41842,105
41843,220
41844,57
41845,171
41846,22
41847,1
41848,117
41849,100
41850,240
41851,210
41852,255
41853,242
41854,64
41855,185
41856,57
41857,163
41859,113
41860,225
41861,35
41862,114
41863,227
41864,214
41865,41
41866,187
41867,166
41868,119
41869,70
41870,170
41871,88
41872,34
41873,9
41874,168
41875,35
41876,195
41877,234
41878,102
41879,76
41880,144
41881,84
41882,166
41883,239
41884,181
41885,94
41886,149
41887,55
41888,36
41889,41
41890,229
41891,255
41892,201
41894,148
41895,9
41896,107
41897,131
41898,94
41899,129
41900,105
41901,128
41902,232
41903,198
41904,201
41906,74
41907,93
41908,151
41909,99
41910,32
41911,218
41912,97
41913,190
41914,129
41915,221
41916,70
41917,67
41918,144
41919,87
41920,64
41922,228
41923,90
41924,161
41925,202
41926,212
41927,82
41928,32
41929,165
41930,69
41931,239
41932,77
41933,104
41934,218
41935,54
41936,10
41937,20
41938,190
41939,215
41940,131
41941,210
41942,92
41943,151
41944,111
41945,175
41946,24
41947,213
41948,193
41949,156
41950,82
41951,196
41952,92
41954,58
41955,225
41956,80
41957,198
41958,133
41959,217
41960,155
41961,143
41962,129
41963,200
41964,1
41965,2
41966,88
41967,240
41968,240
41969,61
41970,43
41971,56
41972,85
41973,31
41974,76
41975,157
41976,241
41977,126
41978,101
41979,43
41980,233
41981,101
41982,148
41983,120
41984,157
41986,73
41987,150
41988,120
41989,250
41990,72
41991,92
41992,70
41993,118
41994,15
41995,233
41996,131
41997,157
41998,9
41999,123
42000,22
42002,165
42003,136
42004,102
42005,157
42006,156
42007,57
42008,26
42009,154
42010,166
42011,126
42012,97
42013,194
42014,213
42015,81
42016,28
42017,168
42018,92
42019,254
42020,3
42021,58
42022,177
42023,128
42024,211
42025,13
42026,199
42027,177
42028,171
42029,33
42030,22
42031,27
42032,22
42033,31
42034,214
42035,2
42036,23
42037,224
42038,120
42039,238
42040,52
42041,192
42042,160
42043,100
42044,12
42045,5
42046,191
42047,168
42048,147
42050,248
42051,65
42052,140
42053,107
42054,13
42055,6
42056,162
42057,104
42058,104
42059,63
42060,176
42061,175
42062,248
42063,165
42064,242
42065,236
42066,68
42067,133
42068,207
42069,135
42070,116
42071,212
42072,241
42073,13
42074,221
42075,131
42076,167
42077,203
42078,129
42079,55
42080,117
42081,141
42082,188
42083,166
42084,229
42085,27
42086,218
42087,55
42088,145
42089,17
42090,122
42091,40
42092,90
42093,181
42094,172
42095,2
42096,86
42099,157
42100,246
42101,145
42102,12
42103,184
42104,251
42105,130
42106,143
42107,155
42108,32
42109,54
42110,145
42111,161
42112,29
42114,8
42115,110
42117,201
42118,255
42119,209
42120,174
42121,195
42122,30
42123,151
42124,172
42125,117
42126,133
42127,171
42128,146
42129,58
42130,14
42131,110
42132,33
42134,172
42135,228
42137,24
42153,45
42154,234
42155,45
42156,173
42157,250
42158,142
42159,170
42160,194
42161,109
42162,70
42163,144
42164,162
42165,186
42166,39
42167,90
42168,130
42169,86
42170,162
42171,75
42172,230
42173,248
42174,130
42175,109
42176,228
42177,187
42178,25
42179,103
42180,237
42181,90
42182,77
42183,135
42184,243
42185,184
42186,119
42187,160
42188,42
42189,99
42190,51
42191,137
42192,42
42194,114
42195,44
42196,222
42197,22
42198,44
42199,80
42200,152
42201,245
42202,251
42203,117
42204,139
42206,111
42207,148
42208,109
42209,6
42210,176
42211,237
42212,29
42213,255
42214,230
42215,234
42216,15
42217,52
42218,191
42219,90
42220,23
42221,210
42222,101
42223,166
42224,242
42225,38
42226,42
42227,146
42228,8
42230,176
42231,109
42232,91
42233,198
42234,153
42235,213
42236,92
42237,130
42238,208
42239,104
42240,197
42242,1
42243,101
42244,53
42245,117
42246,206
42248,186
42249,244
42250,107
42251,145
42252,59
42254,190
42255,215
42256,90
42257,17
42258,2
42259,143
42260,125
42261,20
42262,36
42263,150
42264,42
42265,135
42266,170
42267,162
42268,91
42269,132
42270,177
42271,168
42272,126
42273,123
42274,133
42275,127
42276,138
42277,103
42278,21
42279,39
42280,168
42281,11
42282,90
42283,79
42284,95
42285,21
42286,202
42287,105
42288,120
42290,166
42291,90
42292,105
42293,191
42294,9
42295,254
42296,159
42297,173
42298,225
42299,168
42300,239
42301,46
42302,232
42304,118
42305,62
42306,113
42307,61
42308,155
42309,218
42310,108
42311,99
42312,191
42313,34
42314,89
42315,221
42316,122
42318,197
42319,16
42320,92
42321,13
42322,238
42323,152
42324,184
42325,146
42326,159
42327,132
42328,108
42329,22
42330,41
42331,109
42332,119
42333,24
42334,232
42335,29
42336,31
42338,74
42339,243
42340,92
42341,1
42342,250
42343,4
42344,159
42345,232
42346,53
42348,180
42349,180
42350,137
42351,10
42352,174
42353,105
42354,127
42355,180
42356,159
42357,129
42358,35
42359,99
42360,100
42361,213
42362,72
42363,254
42364,8
42365,31
42366,2
42367,44
42368,7
42369,140
42370,97
42371,44
42372,147
42373,96
42374,88
42375,247
42376,98
42377,177
42378,133
42379,40
42380,147
42381,53
42382,124
42383,114
42384,200
42386,215
42387,162
42388,82
42389,124
42390,119
42391,209
42392,94
42393,227
42394,17
42395,167
42396,217
42397,236
42398,5
42399,44
42400,125
42401,212
42402,82
42403,94
42404,99
42405,87
42406,177
42408,179
42409,220
42410,8
42411,8
42412,120
42413,152
42414,61
42415,144
42416,222
42417,81
42418,53
42419,35
42420,24
42421,77
42422,74
42423,3
42424,170
42426,59
42427,51
42428,152
42429,34
42430,9
42431,141
42432,223
42434,98
42435,204
42436,73
42437,204
42439,221
42440,71
42441,236
42442,108
42443,21
42444,120
42445,149
42446,69
42447,42
42448,31
42449,68
42450,79
42451,116
42452,59
42453,2
42454,31
42455,142
42456,55
42457,205
42458,170
42459,109
42460,30
42461,141
42462,140
42463,225
42464,133
42465,80
42466,58
42467,184
42468,175
42469,230
42470,176
42471,79
42472,177
42473,107
42474,178
42475,101
42476,183
42477,119
42478,222
42479,115
42480,40
42482,103
42483,255
42484,87
42485,94
42486,23
42487,40
42488,33
42489,215
42491,188
42492,205
42493,132
42494,254
42495,172
42496,89
42497,147
42498,206
42499,35
42500,88
42501,144
42502,161
42503,187
42504,117
42505,212
42506,140
42507,160
42508,231
42509,133
42510,75
42511,70
42512,157
42513,247
42514,31
42515,189
42516,118
42517,88
42518,93
42519,47
42520,221
42521,211
42522,160
42523,248
42524,18
42525,42
42526,238
42527,122
42528,152
42530,55
42531,77
42532,19
42533,67
42534,222
42535,170
42536,31
42537,31
42538,8
42539,186
42540,218
42541,209
42542,207
42543,42
42544,177
42545,177
42546,235
42547,73
42548,53
42549,47
42550,235
42551,86
42552,230
42553,51
42554,83
42555,188
42556,43
42557,78
42558,210
42559,97
42560,60
42561,141
42562,232
42563,46
42564,197
42565,250
42566,224
42567,103
42568,181
42569,181
42570,142
42571,131
42572,174
42573,180
42574,74
42575,120
42576,100
42578,247
42579,52
42580,204
42581,149
42582,183
42583,116
42584,83
42585,141
42586,162
42587,3
42588,186
42589,86
42590,30
42591,138
42592,11
42593,241
42594,218
42595,127
42596,48
42597,188
42598,101
42599,54
42600,80
42601,141
42602,87
42603,153
42604,88
42605,226
42606,82
42607,189
42608,5
42609,223
42611,142
42612,193
42613,95
42614,189
42615,177
42616,189
42617,9
42618,240
42619,180
42620,160
42621,53
42622,3
42623,201
42624,16
42626,69
42627,36
42628,248
42629,252
42630,58
42631,214
42632,42
42633,39
42634,122
42635,196
42636,23
42637,150
42638,223
42639,50
42641,13
42642,209
42643,98
42644,133
42645,186
42646,184
42647,252
42648,49
42649,48
42650,42
42651,235
42652,141
42653,61
42654,77
42655,66
42656,207
42657,175
42658,249
42659,119
42660,30
42661,249
42662,231
42663,191
42664,75
42665,133
42666,121
42667,52
42668,105
42669,191
42670,219
42671,231
42672,126
42674,162
42675,190
42676,248
42677,252
42678,206
42679,137
42680,197
42681,191
42683,139
42684,110
42685,74
42686,171
42687,192
42688,20
42689,63
42690,3
42691,228
42692,243
42693,163
42694,117
42695,128
42696,182
42697,189
42698,101
42699,220
42700,25
42701,143
42702,233
42703,16
42704,244
42705,103
42706,220
42707,136
42708,91
42709,38
42710,144
42711,216
42712,107
42713,92
42714,20
42715,196
42716,121
42717,67
42718,144
42719,255
42720,196
42722,147
42723,246
42724,199
42725,40
42726,237
42727,185
42728,247
42729,96
42730,133
42731,55
42732,176
42734,177
42735,161
42736,77
42737,43
42738,180
42739,80
42740,181
42741,36
42742,39
42743,114
42744,159
42745,80
42746,47
42747,241
42748,89
42749,156
42750,246
42751,108
42752,42
42753,78
42754,88
42755,202
42756,127
42758,94
42759,157
42760,141
42761,3
42762,154
42763,125
42764,253
42765,115
42766,5
42767,37
42768,114
42770,130
42771,137
42772,87
42773,164
42774,113
42775,43
42776,45
42777,22
42778,219
42779,155
42780,100
42781,11
42782,22
42783,56
42784,126
42785,119
42786,3
42787,99
42788,188
42789,35
42790,82
42791,65
42792,93
42793,165
42794,216
42795,117
42796,13
42797,26
42798,135
42799,56
42800,111
42801,33
42802,173
42803,57
42804,20
42805,108
42806,196
42807,64
42808,120
42809,164
42810,216
42811,206
42812,23
42813,40
42814,34
42815,60
42816,236
42818,97
42819,106
42820,26
42821,162
42822,140
42823,124
42824,132
42825,88
42826,204
42827,34
42828,138
42829,227
42830,114
42831,4
42832,235
42833,158
42834,242
42835,28
42836,151
42837,253
42838,169
42839,74
42840,164
42841,166
42842,169
42843,25
42844,232
42845,44
42846,23
42847,49
42848,251
42849,122
42851,254
42852,128
42854,11
42855,255
42856,156
42857,255
42858,231
42859,62
42860,92
42861,100
42862,161
42863,158
42864,25
42866,163
42867,91
42868,124
42870,233
42871,135
42872,55
42873,204
42874,198
42875,255
42876,241
42877,148
42878,222
42879,66
42880,73
42881,194
42882,58
42883,147
42884,45
42885,165
42886,126
42888,225
42889,242
42890,225
42891,246
42892,72
42893,96
42894,8
42895,41
42896,104
42897,205
42898,182
42899,157
42912,189
42914,14
42915,217
42916,157
42917,93
42918,126
42923,170
42924,119
42925,9
42926,42
42927,77
42928,254
42929,71
42930,217
42931,30
42932,26
42933,255
42934,162
42935,158
42936,131
42937,249
42938,226
42939,151
42940,154
42941,85
42942,210
42943,58
42944,124
42945,167
42946,134
42947,145
42948,99
42949,48
42950,177
42951,125
42952,251
42953,203
42954,11
42955,138
42956,54
42957,251
42958,141
42959,86
42960,38
42962,137
42963,135
42964,71
42965,47
42966,232
42967,41
42968,182
42969,103
42970,190
42971,238
42972,137
42973,244
42974,24
42975,201
42976,120
42977,210
42978,232
42979,72
42980,211
42981,62
42982,227
42983,45
42984,135
42985,229
42986,66
42987,131
42988,237
42989,64
42990,171
42991,57
42992,51
42993,182
42994,199
42995,117
42996,204
42997,177
42998,248
42999,150
43000,241
43001,115
43002,165
43003,151
43004,146
43005,75
43006,240
43007,249
43008,157
43010,219
43011,182
43012,172
43013,106
43014,230
43015,155
43016,152
43017,22
43018,110
43019,124
43020,75
43022,130
43023,32
43024,170
43025,184
43026,205
43027,103
43028,68
43029,182
43030,247
43031,224
43032,102
43033,197
43034,197
43035,59
43036,199
43037,67
43038,186
43039,21
43040,244
43041,95
43042,121
43043,22
43044,234
43045,34
43046,221
43047,114
43048,29
43049,131
43050,14
43051,197
43052,153
43053,180
43054,105
43055,8
43056,180
43058,183
43059,140
43061,89
43062,83
43063,245
43064,242
43065,184
43066,32
43067,206
43068,108
43069,81
43070,94
43071,4
43072,174
43073,46
43074,141
43075,206
43076,228
43077,238
43078,232
43079,66
43080,60
43081,31
43082,183
43083,232
43084,21
43085,65
43086,70
43087,23
43088,108
43089,198
43090,108
43091,160
43092,11
43096,251
43097,159
43098,239
43099,68
43100,53
43101,195
43102,213
43103,19
43104,44
43107,71
43108,107
43109,98
43110,15
43112,206
43113,121
43114,108
43115,136
43116,61
43117,242
43118,46
43119,238
43120,37
43121,131
43122,45
43123,212
43124,36
43125,220
43126,115
43127,202
43128,46
43129,59
43130,141
43131,45
43132,173
43133,152
43134,219
43135,52
43136,221
43137,72
43139,79
43140,62
43141,42
43142,59
43143,132
43144,78
43145,202
43146,103
43147,179
43148,21
43149,166
43150,35
43151,190
43152,70
43154,189
43155,176
43156,138
43157,148
43158,135
43159,156
43160,161
43161,102
43162,3
43165,195
43166,154
43167,26
43168,135
43169,226
43170,247
43171,204
43172,131
43173,118
43174,67
43175,190
43176,122
43177,36
43178,69
43179,109
43180,208
43181,222
43182,117
43183,160
43184,106
43186,83
43187,228
43188,60
43189,141
43191,51
43192,141
43193,179
43194,58
43195,116
43196,81
43197,64
43198,171
43199,195
43200,84
43202,131
43203,251
43204,111
43205,83
43206,106
43207,6
43208,62
43209,154
43210,210
43211,47
43212,244
43213,148
43214,34
43215,4
43216,62
43217,181
43218,65
43219,26
43220,132
43221,63
43222,30
43223,124
43224,95
43225,91
43226,48
43227,137
43228,231
43229,75
43230,194
43231,164
43232,236
43233,245
43234,212
43235,156
43236,239
43237,20
43238,130
43239,39
43240,71
43241,166
43242,228
43243,73
43244,126
43245,247
43246,43
43247,244
43248,99
43250,170
43251,26
43252,224
43253,110
43254,50
43255,9
43256,140
43257,234
43258,21
43259,133
43260,67
43261,5
43262,75
43263,59
43264,160
43265,183
43266,117
43267,203
43268,102
43269,60
43270,230
43271,213
43272,32
43273,37
43274,2
43275,222
43276,186
43277,138
43278,237
43279,98
43280,120
43281,133
43282,62
43283,5
43284,190
43285,38
43286,108
43287,117
43288,156
43289,97
43290,135
43291,252
43292,116
43293,58
43294,21
43295,39
43296,249
43298,26
43299,24
43300,4
43301,99
43302,205
43303,149
43304,25
43305,128
43306,119
43307,215
43308,239
43309,34
43310,58
43311,199
43312,20
43313,162
43314,6
43315,113
43316,22
43317,88
43318,187
43319,2
43320,88
43321,150
43322,182
43323,251
43324,228
43325,26
43326,156
43327,7
43328,71
43330,38
43331,165
43332,74
43333,71
43334,103
43335,18
43336,219
43337,98
43338,238
43339,62
43340,245
43341,56
43342,246
43343,212
43344,32
43346,149
43347,53
43348,230
43349,154
43350,230
43351,150
43352,16
43353,142
43354,39
43355,208
43356,144
43357,255
43358,94
43359,91
43360,155
43361,21
43362,161
43363,195
43364,154
43365,200
43366,7
43367,76
43368,214
43369,75
43370,43
43371,243
43372,139
43373,163
43374,250
43375,2
43376,12
43377,27
43378,118
43379,197
43380,147
43381,89
43382,52
43383,197
43384,195
43385,11
43386,75
43387,140
43388,62
43389,163
43390,85
43391,91
43392,9
43394,16
43395,229
43396,10
43397,219
43398,77
43399,194
43400,100
43401,12
43402,21
43403,135
43404,156
43405,173
43406,31
43407,157
43408,236
43409,226
43410,161
43411,149
43412,211
43413,70
43414,242
43415,151
43416,93
43417,19
43418,101
43419,175
43420,60
43421,234
43422,48
43423,95
43424,48
43425,168
43426,166
43427,192
43428,99
43429,6
43430,153
43431,222
43432,116
43433,138
43434,75
43435,23
43436,170
43437,53
43438,118
43439,45
43440,5
43442,93
43443,123
43444,32
43445,206
43446,217
43447,120
43448,18
43449,35
43450,235
43451,225
43452,52
43453,71
43455,10
43456,215
43457,68
43458,104
43459,169
43460,188
43461,204
43462,167
43463,183
43464,113
43465,197
43466,224
43467,12
43468,186
43469,145
43470,4
43471,36
43472,192
43473,211
43474,54
43475,103
43476,111
43477,185
43478,152
43479,231
43480,194
43481,130
43482,86
43483,251
43484,92
43485,91
43486,55
43487,74
43488,211
43490,67
43491,208
43492,46
43493,11
43494,46
43495,17
43496,7
43497,179
43498,138
43499,234
43500,19
43501,182
43502,140
43503,130
43504,1
43505,234
43506,37
43507,69
43508,181
43509,224
43510,1
43511,231
43512,33
43513,43
43514,169
43515,146
43516,111
43517,124
43518,94
43519,136
43520,167
43521,29
43522,59
43523,85
43524,18
43525,6
43526,172
43527,83
43528,91
43529,161
43530,241
43531,88
43532,174
43533,128
43534,153
43535,37
43536,234
43538,23
43539,211
43540,48
43541,87
43542,25
43543,87
43544,103
43545,135
43546,6
43547,205
43548,173
43549,80
43550,159
43551,7
43552,166
43553,212
43554,61
43555,141
43556,34
43557,90
43558,241
43559,166
43560,47
43561,185
43562,218
43563,27
43564,84
43565,69
43566,44
43567,193
43568,214
43569,99
43570,131
43571,136
43572,92
43573,176
43574,34
43575,204
43576,33
43577,226
43578,128
43579,233
43580,9
43581,173
43582,187
43583,116
43584,148
43586,121
43587,167
43588,86
43589,184
43590,32
43591,163
43592,198
43593,202
43594,108
43595,52
43596,141
43597,78
43598,4
43599,78
43600,45
43601,223
43602,147
43603,177
43604,32
43605,4
43606,156
43607,192
43608,19
43609,223
43610,195
43611,48
43612,66
43613,128
43614,50
43615,160
43616,213
43617,14
43618,126
43619,6
43620,31
43621,114
43622,161
43623,124
43624,233
43625,231
43626,86
43627,223
43628,210
43629,62
43630,83
43631,70
43632,102
43635,4
43636,163
43637,135
43638,180
43639,121
43640,52
43641,166
43642,244
43643,164
43644,235
43645,111
43646,216
43647,191
43648,189
43649,96
43651,6
43652,99
43653,97
43654,210
43655,114
43656,184
43657,93
43658,69
43659,6
43660,153
43661,52
43662,78
43663,39
43664,239
43665,54
43666,242
43667,236
43668,125
43669,212
43670,202
43671,169
43672,230
43673,226
43674,163
43675,51
43676,64
43677,53
43678,220
43679,85
43680,12
43682,76
43683,30
43684,36
43685,2
43686,208
43687,200
43688,130
43689,92
43690,225
43691,52
43692,91
43693,252
43694,101
43695,210
43696,96
43697,32
43698,8
43699,204
43700,234
43701,125
43702,42
43703,207
43704,85
43705,226
43706,9
43707,138
43708,82
43709,115
43710,197
43711,125
43712,40
43713,52
43714,229
43715,192
43716,55
43717,176
43718,241
43719,65
43720,208
43721,163
43722,190
43723,164
43724,138
43725,184
43726,200
43727,162
43728,248
43730,155
43731,165
43732,46
43733,92
43734,91
43735,94
43736,136
43737,31
43738,238
43739,131
43740,134
43741,20
43742,138
43743,136
43744,25
43745,57
43746,214
43747,132
43748,48
43749,223
43750,15
43751,90
43752,204
43753,249
43754,125
43755,125
43756,108
43757,73
43758,99
43759,203
43760,19
43761,7
43762,21
43763,173
43764,47
43765,72
43766,158
43767,67
43768,113
43770,20
43771,99
43772,34
43773,59
43774,216
43775,112
43776,38
43779,246
43780,213
43781,236
43782,157
43783,168
43784,87
43785,198
43786,161
43787,2
43788,95
43789,136
43790,20
43792,182
43793,97
43794,45
43795,195
43796,173
43797,213
43798,159
43799,70
43800,185
43801,87
43802,242
43803,78
43804,210
43805,249
43806,207
43807,109
43808,63
43809,114
43810,159
43811,5
43812,135
43813,183
43814,199
43815,13
43816,219
43817,136
43818,209
43819,201
43820,54
43821,227
43822,215
43823,231
43824,171
43827,98
43828,87
43829,151
43830,228
43831,225
43832,96
43833,17
43834,90
43835,96
43836,115
43837,169
43838,148
43839,218
43840,121
43841,192
43842,252
43843,157
43844,15
43845,248
43846,244
43847,229
43848,122
43849,149
43850,195
43851,79
43852,110
43853,99
43854,73
43855,229
43856,100
43857,184
43858,52
43859,50
43860,152
43861,189
43862,244
43863,22
43864,218
43865,226
43866,149
43867,95
43868,102
43869,97
43870,166
43871,205
43872,17
43874,23
43875,17
43876,44
43877,64
43878,12
43879,241
43880,169
43881,226
43882,39
43883,253
43884,220
43885,31
43886,110
43887,109
43888,52
43889,35
43890,156
43891,41
43892,215
43893,141
43894,103
43895,77
43896,230
43897,230
43898,6
43899,77
43900,37
43901,32
43902,111
43903,16
43904,30
43905,128
43906,60
43907,201
43908,180
43909,252
43910,1
43911,187
43912,98
43913,201
43914,231
43915,51
43916,238
43917,219
43918,180
43919,201
43921,213
43922,231
43923,175
43924,230
43925,96
43926,81
43927,151
43928,25
43929,23
43930,233
43931,47
43933,2
43934,45
43935,243
43936,91
43937,190
43938,226
43939,74
43940,234
43941,226
43942,27
43944,111
43945,104
43946,196
43947,92
43948,9
43949,55
43950,163
43951,9
43952,18
43953,247
43954,203
43955,102
43956,127
43957,63
43958,192
43960,117
43961,52
43963,110
43964,42
43965,194
43966,176
43967,63
43968,161
43970,37
43971,224
43972,25
43973,30
43974,11
43975,226
43976,229
43977,129
43978,196
43979,49
43980,121
43981,222
43982,48
43983,71
43984,226
43985,84
43986,208
43987,170
43988,19
43989,251
43990,230
43991,243
43992,22
43993,172
43994,95
43995,14
43996,43
43997,168
43998,75
43999,159
44000,138
44001,243
44002,133
44003,223
44004,200
44005,234
44006,137
44007,87
44008,27
44009,107
44010,137
44011,217
44012,177
44013,104
44014,222
44015,167
44016,107
44017,72
44018,248
44019,162
44020,175
44021,186
44022,109
44023,125
44024,62
44025,21
44026,35
44027,147
44028,170
44029,226
44030,192
44031,101
44032,156
44033,76
44034,159
44035,177
44036,100
44037,231
44038,205
44039,78
44040,32
44041,207
44042,158
44043,238
44044,130
44045,227
44046,205
44047,199
44048,24
44049,132
44050,94
44051,43
44052,163
44053,202
44054,184
44055,51
44056,54
44057,18
44058,109
44059,85
44060,113
44061,37
44062,234
44063,243
44064,149
44065,176
44066,18
44067,213
44068,215
44069,114
44070,163
44071,187
44072,163
44073,125
44074,201
44075,47
44076,116
44077,171
44078,237
44079,163
44080,141
44081,194
44082,192
44083,142
44084,115
44085,28
44086,3
44087,91
44088,85
44089,140
44090,20
44091,104
44092,220
44093,48
44094,211
44095,198
44096,144
44097,8
44098,155
44099,43
44100,63
44101,54
44102,14
44103,206
44104,204
44105,233
44106,168
44107,96
44108,214
44109,137
44110,234
44111,26
44112,130
44113,122
44114,51
44115,97
44116,25
44117,1
44118,32
44119,180
44120,208
44121,160
44122,129
44123,130
44125,76
44126,51
44127,64
44128,177
44129,147
44130,191
44131,138
44132,108
44133,61
44134,22
44135,113
44136,160
44137,243
44138,1
44139,220
44140,201
44141,247
44142,48
44143,181
44144,137
44145,248
44146,158
44147,157
44148,210
44149,182
44150,75
44151,137
44152,185
44153,145
44154,136
44155,185
44156,123
44157,154
44158,43
44159,122
44160,73
44161,44
44162,110
44163,214
44164,5
44165,215
44166,80
44167,144
44168,190
44169,247
44170,13
44171,148
44172,242
44173,255
44174,23
44175,217
44176,136
44177,132
44178,108
44179,99
44180,166
44181,172
44182,119
44183,196
44184,22
44185,61
44186,127
44187,141
44188,241
44189,169
44190,8
44191,224
44192,93
44193,210
44194,235
44195,134
44196,72
44197,104
44198,86
44199,41
44200,212
44201,66
44202,35
44203,177
44204,114
44205,118
44206,111
44207,221
44208,213
44209,122
44210,120
44211,115
44212,28
44213,72
44214,177
44215,142
44216,227
44217,161
44218,98
44219,159
44220,159
44221,29
44222,156
44223,10
44224,142
44225,158
44226,238
44227,11
44228,75
44229,184
44230,178
44231,151
44232,167
44233,115
44235,247
44236,236
44237,61
44238,34
44239,84
44240,234
44241,166
44242,168
44243,245
44244,78
44245,196
44246,52
44247,74
44248,29
44249,255
44250,58
44251,156
44252,36
44253,241
44254,13
44255,15
44256,101
44257,12
44258,169
44259,239
44260,187
44261,222
44262,105
44263,123
44264,135
44265,153
44266,175
44267,66
44268,93
44269,196
44270,114
44271,199
44272,36
44273,191
44274,243
44275,123
44276,11
44277,14
44278,196
44279,33
44280,34
44281,223
44282,128
44283,192
44284,13
44285,33
44286,32
44287,216
44288,175
44289,159
44290,25
44291,160
44292,57
44293,103
44294,180
44295,13
44296,60
44297,157
44298,5
44299,70
44300,173
44301,130
44302,246
44303,49
44304,109
44305,138
44306,2
44307,72
44308,157
44309,204
44310,119
44311,51
44312,189
44313,228
44314,195
44315,250
44316,225
44317,156
44318,32
44319,124
44320,39
44321,157
44322,44
44323,27
44324,89
44325,223
44326,56
44327,77
44328,173
44329,165
44330,31
44331,135
44332,17
44333,160
44334,122
44335,189
44336,2
44337,98
44338,97
44339,58
44340,62
44341,43
44342,133
44343,251
44344,93
44345,229
44346,108
44347,54
44348,18
44349,139
44350,51
44351,211
44352,205
44355,138
44356,178
44357,21
44358,82
44359,185
44360,63
44361,4
44362,111
44363,165
44364,25
44365,219
44366,178
44367,213
44368,134
44369,93
44370,27
44371,158
44372,68
44373,83
44374,41
44375,202
44376,68
44377,213
44378,188
44379,116
44380,67
44381,10
44382,117
44383,80
44384,93
44385,20
44386,135
44387,46
44388,48
44389,104
44390,131
44391,19
44392,79
44393,218
44394,78
44395,111
44396,174
44397,179
44398,92
44399,23
44400,113
44401,40
44402,29
44403,52
44404,24
44405,30
44406,118
44407,137
44408,211
44409,25
44410,67
44411,168
44412,3
44413,197
44415,46
44416,169
44417,68
44418,255
44419,99
44420,238
44421,115
44422,177
44423,120
44424,185
44425,54
44426,28
44427,89
44428,152
44429,115
44430,162
44431,71
44432,66
44433,234
44434,8
44435,17
44436,21
44437,204
44438,74
44439,55
44440,144
44441,253
44442,78
44443,76
44444,218
44445,12
44446,96
44447,40
44448,235
44449,130
44450,166
44451,3
44452,159
44453,81
44454,248
44455,226
44456,116
44457,146
44458,104
44459,135
44460,111
44461,185
44462,53
44463,184
44464,31
44465,18
44466,36
44467,185
44468,117
44469,204
44470,26
44471,111
44472,229
44473,31
44474,44
44475,189
44476,85
44477,29
44478,71
44479,161
44480,214
44481,112
44482,40
44483,202
44484,185
44485,159
44486,2
44487,218
44488,198
44489,206
44490,249
44491,170
44492,204
44493,183
44494,59
44495,193
44496,196
44497,247
44498,11
44499,175
44500,29
44501,95
44502,57
44503,206
44504,49
44505,21
44506,99
44507,39
44508,183
44509,202
44510,136
44511,168
44512,207
44513,90
44514,211
44515,44
44516,248
44517,83
44518,128
44519,109
44520,48
44521,92
44522,97
44523,98
44524,147
44525,9
44526,30
44527,53
44528,180
44529,130
44530,167
44531,64
44532,53
44533,152
44534,155
44535,118
44536,9
44537,149
44538,91
44539,79
44540,101
44541,90
44542,109
44543,148
44544,42
44545,47
44547,225
44548,240
44549,149
44550,80
44551,197
44552,76
44554,150
44555,156
44556,132
44557,197
44558,153
44559,165
44560,71
44561,29
44562,15
44563,93
44564,241
44565,178
44566,250
44567,125
44568,221
44569,59
44570,198
44571,70
44572,170
44573,105
44574,158
44575,149
44576,143
44577,174
44578,225
44579,95
44580,156
44581,198
44582,20
44583,12
44584,213
44585,44
44586,136
44587,51
44588,235
44589,161
44590,251
44591,102
44592,225
44594,24
44595,243
44596,73
44597,29
44598,70
44599,241
44600,93
44601,225
44602,128
44603,20
44604,51
44605,74
44606,185
44607,3
44608,20
44609,21
44610,4
44611,105
44612,155
44613,228
44614,152
44615,46
44616,195
44617,87
44618,65
44619,221
44620,175
44621,233
44622,148
44623,203
44624,194
44625,165
44626,212
44627,7
44628,115
44629,9
44630,174
44631,167
44632,65
44633,129
44634,224
44635,200
44636,167
44637,86
44638,93
44639,36
44640,21
44641,193
44642,12
44643,177
44644,53
44645,149
44646,88
44647,58
44648,198
44649,108
44650,129
44651,88
44652,46
44653,46
44654,18
44655,28
44656,123
44657,125
44658,161
44659,62
44660,28
44661,132
44662,221
44663,129
44664,85
44665,218
44666,80
44667,166
44668,22
44669,109
44670,17
44671,25
44672,8
44673,243
44674,76
44675,110
44676,185
44677,177
44678,160
44679,215
44680,130
44681,87
44682,241
44683,48
44684,119
44685,124
44686,102
44687,79
44688,75
44689,244
44690,205
44691,71
44692,220
44693,130
44694,240
44695,206
44696,167
44697,230
44698,44
44699,172
44700,127
44701,182
44703,217
44704,153
44705,51
44706,44
44707,55
44708,82
44709,16
44710,19
44711,63
44712,74
44713,60
44714,82
44715,29
44716,152
44717,198
44718,12
44719,212
44720,74
44721,44
44722,194
44723,151
44724,150
44725,172
44726,114
44727,123
44728,17
44729,1
44730,48
44731,29
44732,172
44733,184
44734,28
44735,223
44736,218
44737,192
44738,150
44739,30
44740,63
44741,8
44742,89
44743,115
44744,249
44773,198
44774,219
44775,16
44776,244
44777,7
44778,134
44780,7
44781,90
44782,120
44783,232
44784,57
44785,189
44786,3
44787,76
44788,129
44789,142
44790,47
44792,134
44793,56
44794,239
44795,134
44796,158
44797,252
44798,192
44799,57
44800,52
44801,154
44802,131
44803,90
44804,112
44805,207
44806,25
44807,167
44808,149
44809,202
44810,246
44811,161
44812,167
44813,134
44814,205
44815,131
44816,180
44817,74
44818,126
44819,198
44820,232
44821,83
44822,17
44823,109
44824,57
44825,143
44826,191
44827,220
44828,144
44829,79
44830,149
44831,170
44832,179
44834,168
44835,254
44836,19
44837,230
44838,18
44839,245
44840,160
44841,171
44842,141
44843,35
44844,255
44845,129
44846,93
44847,207
44848,164
44849,160
44850,35
44851,249
44852,208
44853,189
44854,128
44855,111
44856,93
44857,114
44858,106
44859,199
44860,51
44861,158
44862,186
44863,242
44864,2
44865,69
44867,175
44868,221
44869,231
44870,247
44871,41
44872,196
44873,159
44874,87
44875,80
44876,92
44877,138
44878,195
44879,9
44880,226
44881,37
44882,254
44883,79
44884,188
44885,206
44886,73
44887,91
44888,247
44889,89
44890,110
44891,161
44892,122
44893,148
44894,134
44895,241
44897,213
44898,68
44899,120
44900,231
44901,146
44902,94
44903,126
44904,54
44905,249
44906,89
44907,224
44908,91
44909,33
44910,39
44911,115
44912,43
44913,241
44914,45
44915,135
44916,115
44917,161
44918,226
44919,117
44920,166
44921,30
44922,194
44923,128
44924,39
44925,57
44926,3
44927,236
44928,102
44929,206
44930,181
44931,194
44932,223
44933,147
44934,137
44935,35
44936,91
44937,37
44938,96
44939,55
44940,196
44941,48
44942,57
44943,73
44944,154
44945,152
44946,201
44947,143
44948,183
44949,154
44950,202
44951,173
44952,70
44953,92
44954,149
44955,228
44956,195
44957,48
44958,223
44959,99
44961,85
44962,91
44963,39
44964,156
44965,103
44966,211
44968,18
44969,130
44970,220
44971,8
44972,208
44973,9
44975,224
44976,116
44977,2
44978,193
44979,148
44980,94
44981,72
44982,107
44983,169
44984,202
44985,21
44986,96
44987,28
44988,225
44989,240
44990,244
44991,246
44992,209
44993,35
44994,181
44995,254
44996,254
45008,121
45009,217
45010,43
45011,223
45012,188
45013,104
45014,210
45015,33
45016,75
45017,224
45018,217
45019,226
45020,175
45023,60
45024,127
45025,68
45026,131
45027,167
45028,47
45029,42
45030,167
45031,49
45032,123
45033,176
45034,45
45035,18
45036,244
45037,194
45038,200
45039,169
45040,95
45041,130
45042,60
45043,133
45044,129
45045,233
45046,155
45047,57
45048,173
45049,2
45050,16
45051,37
45052,126
45053,90
45054,35
45055,95
45056,91
45057,31
45058,8
45059,67
45060,54
45061,121
45062,187
45063,84
45064,80
45065,126
45066,93
45067,16
45068,221
45069,251
45070,231
45071,70
45072,174
45073,194
45075,110
45076,215
45077,46
45078,152
45079,211
45080,86
45081,209
45082,252
45083,202
45084,66
45085,218
45086,239
45087,29
45088,177
45089,104
45090,234
45091,214
45092,6
45093,37
45094,117
45095,185
45096,203
45097,115
45098,223
45099,35
45100,158
45101,199
45102,169
45103,77
45104,126
45105,13
45106,100
45107,236
45108,86
45110,114
45111,202
45112,250
45113,188
45114,245
45115,135
45116,96
45118,191
45119,86
45120,13
45121,5
45122,19
45123,15
45124,129
45125,110
45126,20
45127,65
45128,127
45129,22
45130,127
45131,98
45132,174
45133,15
45134,175
45135,132
45136,158
45137,69
45138,64
45139,21
45140,254
45141,92
45144,96
45145,51
45146,42
45147,30
45148,60
45149,153
45150,249
45151,177
45152,160
45153,20
45154,62
45155,138
45156,238
45157,140
45158,208
45159,118
45160,132
45161,72
45162,104
45163,77
45164,165
45165,70
45166,208
45167,6
45168,160
45169,112
45170,23
45171,241
45172,19
45173,10
45174,163
45175,208
45176,107
45177,194
45178,172
45179,33
45180,118
45181,241
45182,41
45183,50
45184,1
45185,161
45186,30
45187,145
45188,27
45189,63
45191,172
45192,82
45193,172
45194,110
45195,192
45196,128
45197,134
45198,118
45199,57
45200,159
45201,3
45202,95
45203,1
45204,50
45205,85
45206,229
45208,191
45209,254
45210,109
45211,239
45212,174
45214,36
45215,109
45216,28
45217,66
45218,12
45219,221
45220,240
45221,138
45222,27
45223,90
45224,135
45225,140
45226,124
45227,184
45230,109
45231,127
45233,84
45235,102
45236,173
45237,221
45238,20
45239,162
45240,81
45241,138
45242,196
45243,165
45244,232
45245,180
45246,166
45247,183
45248,178
45249,168
45250,63
45251,11
45252,65
45253,179
45254,229
45255,13
45256,191
45257,67
45258,200
45259,204
45260,87
45261,146
45262,253
45263,47
45264,239
45265,228
45267,59
45268,99
45269,108
45270,255
45271,63
45272,2
45273,44
45274,196
45275,88
45276,169
45277,118
45278,163
45279,97
45280,204
45281,127
45282,82
45283,109
45284,40
45285,248
45286,226
45287,8
45288,80
45289,82
45290,150
45291,207
45292,69
45293,152
45294,228
45295,6
45296,172
45297,54
45298,80
45299,165
45300,241
45301,11
45302,10
45303,170
45305,212
45306,117
45307,34
45308,231
45309,215
45310,251
45311,232
45312,203
45313,19
45315,118
45316,224
45317,43
45318,113
45319,136
45320,139
45321,200
45322,206
45323,141
45324,21
45325,219
45326,212
45327,222
45328,242
45329,182
45330,242
45331,67
45332,231
45333,201
45334,96
45335,215
45336,176
45337,41
45338,227
45339,35
45340,32
45341,59
45342,168
45343,235
45344,86
45345,18
45346,151
45347,154
45348,46
45349,83
45350,162
45351,107
45352,138
45353,141
45354,247
45355,47
45356,65
45357,54
45358,91
45359,78
45360,91
45361,215
45362,79
45363,18
45364,86
45365,88
45366,48
45367,121
45368,163
45369,134
45370,20
45371,244
45372,156
45373,26
45374,243
45375,119
45376,202
45377,150
45378,98
45379,126
45380,167
45381,148
45382,32
45383,28
45384,124
45385,144
45386,91
45387,93
45388,251
45389,103
45390,249
45391,118
45392,43
45393,158
45394,224
45395,64
45396,239
45397,24
45398,81
45399,178
45400,177
45401,252
45402,251
45403,220
45404,201
45406,153
45407,80
45408,135
45409,64
45410,255
45411,143
45412,215
45413,28
45414,66
45415,248
45416,77
45417,58
45418,214
45419,251
45420,73
45421,103
45422,97
45440,241
45441,231
45442,29
45443,157
45444,131
45445,109
45446,100
45447,52
45448,185
45449,88
45450,28
45451,227
45452,57
45453,245
45454,59
45455,216
45456,70
45457,102
45458,112
45459,132
45460,212
45461,173
45462,169
45463,105
45464,220
45465,71
45466,71
45467,201
45468,131
45469,145
45470,135
45471,252
45472,25
45473,243
45474,203
45475,224
45477,229
45478,227
45479,132
45480,220
45481,51
45482,136
45483,156
45484,159
45485,231
45486,82
45487,175
45488,215
45489,58
45490,99
45491,64
45492,254
45493,225
45494,172
45495,115
45496,149
45497,155
45498,193
45499,237
45500,134
45501,44
45502,34
45503,152
45504,115
45507,39
45508,87
45509,155
45510,157
45511,70
45512,93
45513,167
45514,238
45515,236
45516,55
45517,187
45518,48
45519,206
45520,192
45521,192
45522,176
45523,72
45524,41
45525,113
45526,188
45527,171
45528,212
45529,206
45530,96
45531,96
45532,115
45533,12
45534,231
45535,84
45536,135
45537,128
45538,90
45539,186
45540,86
45541,145
45542,136
45543,76
45544,49
45545,129
45546,224
45547,79
45548,7
45549,26
45550,75
45551,226
45552,149
45553,195
45554,34
45555,22
45556,245
45557,104
45558,97
45559,44
45560,67
45561,98
45562,115
45563,80
45564,58
45565,148
45566,11
45567,137
45568,122
45569,115
45570,255
45571,143
45572,34
45573,131
45574,231
45575,139
45576,118
45577,63
45578,192
45579,30
45580,154
45581,151
45582,45
45583,96
45584,235
45585,209
45586,113
45587,123
45588,87
45589,212
45590,67
45591,216
45592,17
45593,254
45594,231
45595,176
45596,24
45597,73
45598,231
45599,115
45600,112
45601,87
45602,183
45603,13
45604,125
45605,61
45606,159
45607,114
45608,64
45609,26
45610,223
45611,27
45612,70
45613,242
45614,19
45615,123
45616,88
45617,89
45618,3
45619,248
45620,149
45621,64
45622,145
45623,45
45624,185
45625,1
45626,83
45627,209
45628,247
45629,185
45630,203
45631,100
45632,22
45633,151
45634,9
45635,82
45636,32
45637,127
45638,173
45639,193
45640,152
45641,107
45642,67
45643,165
45644,199
45645,168
45646,235
45647,248
45648,226
45649,138
45650,168
45651,96
45652,163
45653,135
45654,228
45655,203
45656,141
45657,5
45658,62
45659,155
45660,143
45661,160
45662,55
45663,207
45664,213
45665,190
45666,159
45667,137
45668,94
45669,161
45670,221
45671,197
45672,89
45673,216
45674,112
45675,31
45676,136
45677,9
45678,34
45679,145
45680,150
45681,21
45682,223
45683,248
45684,5
45685,165
45686,18
45687,6
45688,246
45689,137
45690,210
45691,205
45692,39
45693,177
45694,248
45695,149
45696,198
45697,20
45698,12
45699,55
45700,191
45701,141
45702,4
45703,106
45704,255
45705,148
45706,15
45707,147
45708,18
45709,228
45710,85
45711,201
45712,126
45713,88
45714,130
45715,199
45716,31
45717,161
45718,222
45719,157
45720,94
45721,169
45722,47
45723,185
45724,61
45725,4
45726,36
45727,19
45728,45
45729,214
45730,78
45731,246
45732,236
45733,240
45734,66
45735,122
45736,235
45737,77
45738,202
45739,200
45740,233
45741,243
45742,185
45743,133
45744,182
45745,220
45746,62
45747,67
45748,216
45749,21
45750,9
45751,14
45752,107
45753,72
45754,73
45755,141
45756,165
45757,237
45758,194
45759,156
45760,149
45761,89
45762,154
45763,12
45764,140
45765,101
45766,197
45767,71
45768,48
45769,35
45770,16
45771,236
45772,117
45773,139
45774,177
45775,22
45776,34
45777,45
45778,200
45779,235
45780,141
45781,150
45782,226
45783,158
45784,115
45785,178
45786,83
45787,10
45788,130
45789,35
45790,133
45791,30
45792,91
45793,216
45794,209
45795,201
45796,80
45797,28
45798,131
45799,41
45800,147
45801,193
45802,224
45803,18
45804,166
45805,21
45806,92
45807,188
45808,38
45809,103
45810,88
45811,76
45812,197
45813,202
45814,180
45815,181
45816,221
45817,14
45818,231
45819,159
45820,145
45821,186
45822,24
45823,116
45824,154
45825,121
45826,241
45827,124
45828,28
45829,160
45830,48
45831,73
45832,10
45833,147
45834,198
45835,176
45836,148
45837,116
45838,73
45839,223
45840,70
45841,134
45842,251
45843,69
45844,120
45845,226
45846,254
45847,33
45848,134
45849,232
45850,219
45851,44
45852,122
45853,38
45854,156
45855,157
45856,11
45857,153
45858,204
45859,65
45860,133
45861,113
45862,189
45863,43
45864,167
45865,43
45866,252
45867,24
45868,123
45869,21
45870,92
45871,26
45872,107
45873,233
45874,110
45875,59
45876,34
45877,33
45878,88
45879,102
45880,209
45881,57
45882,207
45883,240
45884,205
45885,131
45886,51
45887,136
45888,8
45889,103
45890,83
45891,176
45892,235
45893,225
45894,242
45895,143
45896,211
45897,99
45898,41
45899,223
45900,131
45901,234
45902,144
45903,115
45904,148
45905,141
45906,194
45907,227
45908,45
45909,52
45910,85
45911,141
45912,116
45913,202
45914,90
45915,220
45916,221
45917,113
45918,66
45919,215
45920,138
45921,214
45922,202
45923,237
45924,87
45925,220
45926,145
45927,4
45928,69
45929,208
45930,226
45931,124
45932,241
45933,68
45934,134
45935,41
45936,46
45937,173
45938,34
45939,196
45940,137
45941,131
45942,177
45943,181
45944,174
45945,2
45946,4
45947,194
45948,3
45949,204
45950,114
45951,157
45952,215
45953,70
45954,108
45955,2
45956,46
45957,98
45958,147
45959,145
45960,164
45961,143
45962,103
45963,210
45964,189
45965,95
45966,228
45967,164
45968,87
45969,239
45970,150
45971,81
45972,7
45973,83
45974,243
45975,139
45976,39
45977,191
45978,132
45979,49
45980,253
45981,211
45982,236
45983,235
45984,255
45985,234
45986,127
45987,105
45988,9
45989,223
45990,163
45991,204
45992,225
45993,250
45994,42
45995,182
45996,128
45997,45
45998,165
45999,141
46000,94
46001,209
46002,150
46003,21
46004,176
46005,75
46006,86
46007,72
46008,54
46009,74
46010,189
46011,182
46012,18
46013,140
46014,153
46015,56
46016,17
46017,248
46018,60
46019,7
46020,174
46021,28
46022,43
46023,71
46024,63
46025,40
46026,29
46027,255
46028,84
46029,21
46030,114
46031,208
46032,40
46033,8
46034,103
46035,91
46036,251
46037,28
46038,27
46039,160
46040,92
46041,192
46042,117
46043,166
46044,130
46045,249
46046,252
46047,33
46048,57
46049,122
46050,145
46051,220
46052,228
46053,211
46054,9
46055,212
46056,74
46057,169
46058,22
46059,67
46060,255
46061,146
46062,68
46063,25
46064,149
46065,152
46066,40
46067,68
46068,204
46069,62
46070,121
46071,93
46072,42
46073,114
46074,44
46075,159
46076,128
46077,44
46078,59
46079,229
46080,114
46081,223
46082,65
46083,240
46084,111
46085,130
46086,64
46087,184
46088,3
46089,241
46090,78
46091,5
46092,103
46093,50
46094,11
46095,147
46096,6
46097,136
46098,228
46099,195
46100,191
46101,211
46102,150
46103,15
46104,151
46105,18
46106,68
46107,190
46115,114
46116,125
46117,156
46118,219
46119,239
46120,10
46121,44
46122,107
46123,161
46124,18
46125,200
46126,145
46127,108
46128,163
46129,182
46130,76
46131,68
46132,54
46133,170
46134,140
46135,30
46136,174
46137,160
46138,84
46139,251
46140,190
46141,78
46142,42
46143,15
46144,195
46145,123
46146,180
46147,88
46148,182
46150,232
46151,124
46152,26
46153,69
46154,247
46155,163
46156,48
46157,32
46158,211
46159,243
46160,111
46161,96
46162,175
46163,201
46164,105
46165,190
46166,139
46167,215
46168,214
46169,157
46170,159
46171,79
46172,25
46173,202
46174,65
46175,223
46176,170
46177,115
46178,221
46179,10
46180,77
46181,222
46182,162
46183,161
46184,200
46185,128
46186,244
46187,183
46188,85
46189,132
46190,45
46191,144
46192,86
46193,96
46194,57
46195,137
46196,198
46197,3
46198,35
46199,81
46200,52
46201,246
46202,218
46203,134
46204,72
46205,2
46206,241
46207,217
46208,157
46209,21
46210,84
46211,224
46212,134
46213,239
46214,104
46215,55
46216,60
46222,218
46223,19
46225,195
46229,31
46231,31
46233,35
46234,159
46235,78
46236,208
46237,168
46238,19
46239,233
46240,232
46241,39
46242,48
46243,13
46244,113
46245,72
46246,60
46247,233
46248,69
46249,92
46250,129
46251,156
46252,222
46253,246
46254,16
46255,198
46256,11
46257,201
46258,158
46259,109
46260,165
46261,226
46262,87
46263,220
46264,51
46265,198
46266,67
46267,143
46268,102
46269,62
46270,63
46271,139
46272,40
46273,217
46274,197
46275,153
46276,166
46277,154
46278,75
46279,47
46280,109
46281,124
46282,58
46283,214
46284,130
46285,252
46286,147
46287,84
46288,110
46289,76
46290,52
46291,167
46292,174
46293,67
46294,201
46295,162
46296,246
46297,145
46298,26
46299,47
46300,80
46301,47
46302,42
46303,86
46304,251
46305,37
46306,199
46307,153
46308,1
46309,206
46310,62
46311,130
46312,38
46313,47
46314,121
46315,34
46316,154
46317,87
46318,238
46319,85
46320,106
46321,127
46322,79
46323,192
46324,97
46325,190
46326,120
46327,223
46328,143
46329,10
46330,117
46331,63
46332,20
46333,133
46356,143
46357,102
46358,83
46359,115
46360,104
46361,72
46362,146
46363,15
46364,15
46365,244
46366,158
46367,255
46368,123
46369,33
46370,202
46371,60
46372,86
46373,23
46374,131
46375,161
46376,123
46377,20
46378,45
46379,200
46380,60
46381,193
46382,249
46383,155
46384,91
46385,48
46386,26
46387,170
46388,95
46389,81
46390,183
46391,239
46392,121
46393,95
46394,173
46395,117
46396,37
46397,200
46398,173
46399,238
46400,224
46401,59
46402,100
46403,63
46404,189
46405,168
46406,102
46407,24
46408,101
46409,95
46410,116
46411,143
46412,86
46413,222
46414,19
46415,43
46416,67
46419,177
46420,39
46421,139
46422,144
46423,179
46424,157
46425,173
46426,128
46427,125
46428,66
46429,24
46430,206
46431,54
46432,78
46433,145
46434,254
46435,52
46436,42
46437,144
46438,32
46439,226
46440,95
46441,119
46442,83
46443,77
46444,34
46445,147
46446,245
46447,159
46448,171
46449,95
46450,244
46451,39
46452,226
46453,158
46454,240
46455,211
46456,24
46457,201
46458,137
46571,209
46572,129
46573,215
46574,244
46575,230
46576,104
46577,39
46578,141
46579,251
46580,48
46581,136
46582,86
46583,46
46584,225
46585,249
46586,155
46587,33
46588,55
46589,63
46590,188
46591,15
46592,91
46593,175
46594,195
46595,85
46596,96
46597,140
46598,109
46599,255
46600,47
46601,234
46602,107
46604,189
46605,184
46608,2
46611,71
46623,53
46624,62
46625,40
46626,168
46627,216
46628,35
46629,79
46630,237
46631,6
46632,254
46633,64
46634,168
46635,62
46636,224
46637,143
46638,249
46639,247
46640,172
46641,181
46642,131
46643,215
46644,210
46645,198
46646,46
46647,180
46648,96
46649,252
46650,91
46651,25
46652,100
46653,206
46654,60
46655,153
46656,85
46657,188
46658,233
46659,23
46660,182
46661,214
46662,40
46663,110
46664,119
46665,52
46666,209
46667,98
46668,227
46669,89
46670,29
46671,73
46672,157
46673,223
46674,187
46675,134
46676,21
46677,255
46678,29
46679,69
46680,81
46681,140
46682,123
46683,182
46684,187
46685,233
46686,2
46687,60
46688,160
46689,135
46690,99
46691,50
46692,60
46693,197
46694,125
46695,240
46696,189
46697,180
46698,239
46699,131
46700,134
46701,94
46702,31
46703,101
46704,140
46705,93
46706,11
46707,25
46708,221
46709,241
46710,3
46711,59
46712,220
46713,69
46714,48
46715,231
46716,141
46717,4
46718,61
46719,103
46720,53
46721,48
46722,92
46723,163
46724,83
46725,6
46726,45
46727,66
46728,122
46729,218
46730,108
46731,110
46732,175
46733,39
46734,179
46735,151
46736,25
46737,147
46738,140
46739,70
46740,125
46741,108
46742,37
46743,11
46744,32
46745,245
46746,22
46747,191
46748,50
46749,220
46750,176
46751,106
46752,203
46753,125
46754,192
46755,253
46756,50
46757,253
46758,93
46759,38
46760,124
46761,145
46762,242
46763,27
46764,63
46765,113
46766,191
46767,200
46768,255
46769,120
46770,40
46771,86
46772,98
46773,89
46774,138
46775,14
46776,251
46777,85
46778,158
46779,50
46780,91
46781,153
46782,22
46783,56
46784,9
46785,108
46786,27
46787,245
46788,20
46789,26
46790,25
46791,229
46792,89
46793,25
46794,223
46795,16
46796,242
46797,3
46798,254
46799,122
46800,39
46801,32
46802,64
46803,183
46804,176
46805,88
46806,65
46807,179
46808,183
46809,198
46810,42
46811,88
46812,234
46813,166
46814,242
46815,180
46816,58
46818,34
46819,125
46820,198
46821,214
46822,241
46823,96
46824,238
46825,213
46826,209
46827,69
46828,130
46829,43
46830,240
46831,58
46832,197
46833,247
46834,164
46835,98
46836,144
46837,32
46838,161
46839,91
46840,13
46841,57
46842,76
46843,123
46844,7
46845,52
46846,56
46847,9
46848,101
46849,219
46850,137
46851,199
46852,76
46853,37
46854,19
46855,254
46856,213
46857,106
46858,135
46859,155
46860,195
46861,88
46862,196
46863,173
46864,158
46865,137
46866,227
46867,86
46868,211
46869,136
46870,164
46871,140
46872,62
46873,108
46874,85
46875,191
46876,22
46877,79
46878,77
46879,133
46880,248
46881,177
46882,22
46883,188
46884,254
46885,138
46886,125
46887,30
46888,3
46889,109
46890,48
46891,193
46892,223
46893,121
46894,94
46895,169
46896,63
46897,110
46898,222
46899,254
46900,114
46901,51
46902,117
46903,202
46904,174
46905,184
46906,192
46907,246
46908,225
46909,94
46910,89
46911,200
46912,248
46913,17
46914,111
46915,80
46916,215
46917,156
46918,116
46919,112
46920,214
46921,140
46922,239
46923,82
46924,150
46925,190
46926,162
46927,231
46928,249
46929,71
46930,131
46931,217
46932,117
46933,143
46934,220
46935,69
46936,194
46937,1
46938,15
46939,12
46940,86
46941,73
46942,32
46943,76
46944,222
46945,206
46946,86
46947,41
46948,200
46949,153
46950,51
46951,11
46952,21
46953,237
46954,56
46955,190
46956,39
46957,47
46958,34
46959,229
46961,63
46962,161
46963,158
46964,204
46965,42
46966,229
46967,233
46968,38
46969,94
46970,197
46971,124
46972,107
46973,132
46974,51
46975,194
46976,218
46977,252
46978,141
46979,65
46980,37
46981,247
46982,128
46983,169
46984,202
46985,31
46986,80
46987,180
46988,129
46989,82
46990,215
46991,85
46992,38
46993,225
46994,209
46995,230
46996,118
46997,68
46998,206
46999,249
47000,13
47001,182
47002,181
47003,181
47004,130
47005,45
47006,19
47007,178
47008,201
47009,184
47010,31
47011,47
47012,19
47013,156
47014,22
47015,44
47016,69
47017,12
47018,4
47019,122
47020,160
47021,24
47022,249
47023,136
47024,26
47025,55
47026,166
47027,196
47028,45
47029,143
47030,40
47031,23
47032,77
47033,144
47034,64
47035,234
47036,69
47037,245
47038,184
47039,118
47040,73
47041,178
47042,203
47043,152
47044,151
47045,192
47046,207
47047,133
47048,245
47049,197
47050,85
47051,121
47052,7
47053,39
47054,197
47055,64
47056,138
47057,213
47058,225
47059,150
47060,18
47061,194
47062,40
47063,233
47064,207
47065,185
47066,220
47067,250
47068,38
47069,148
47070,231
47071,232
47072,151
47073,170
47074,243
47075,94
47076,155
47077,161
47078,116
47079,177
47080,230
47081,128
47082,94
47083,1
47084,53
47085,153
47086,133
47087,178
47088,37
47089,137
47090,235
47091,246
47092,191
47093,120
47094,57
47095,94
47096,237
47097,79
47098,231
47099,56
47100,4
47101,237
47102,201
47103,199
47104,8
47105,216
47106,196
47107,185
47108,7
47109,32
47110,213
47111,4
47112,155
47113,186
47114,59
47115,43
47116,201
47117,213
47118,216
47119,156
47120,90
47121,229
47122,30
47123,225
47124,68
47125,78
47126,252
47127,19
47128,60
47129,67
47130,28
47131,138
47132,153
47133,63
47134,61
47135,180
47136,143
47137,233
47138,57
47139,39
47140,138
47141,183
47142,234
47143,134
47144,59
47145,239
47146,52
47147,88
47148,118
47149,150
47150,68
47151,37
47152,245
47153,241
47154,128
47155,10
47156,83
47157,60
47158,116
47159,3
47160,31
47161,237
47162,81
47163,53
47164,78
47165,155
47166,208
47167,24
47168,51
47169,148
47170,50
47171,137
47172,98
47173,183
47174,129
47175,50
47176,93
47177,248
47178,213
47179,69
47180,196
47181,35
47182,210
47183,146
47184,26
47185,131
47186,197
47187,56
47188,24
47189,14
47190,192
47191,133
47192,42
47193,247
47194,17
47197,107
47198,124
47199,234
47200,30
47201,202
47202,159
47203,203
47204,249
47205,99
47206,10
47207,38
47208,121
47209,234
47210,19
47211,29
47212,226
47213,46
47214,166
47215,40
47216,102
47217,36
47218,17
47219,116
47220,196
47221,245
47222,86
47223,72
47224,241
47225,67
47226,54
47227,249
47228,118
47229,21
47230,229
47231,18
47232,63
47233,249
47234,158
47235,109
47236,212
47237,137
47238,96
47239,221
47240,65
47241,66
47242,5
47243,229
47244,113
47245,65
47246,194
47247,53
47248,37
47249,60
47250,108
47251,83
47252,125
47253,71
47254,44
47255,254
47256,123
47257,198
47258,63
47259,247
47260,137
47261,105
47262,117
47263,41
47264,90
47265,200
47266,223
47267,181
47268,65
47269,143
47270,34
47271,102
47272,211
47273,26
47274,72
47275,7
47276,106
47277,89
47278,95
47279,63
47280,8
47281,165
47282,120
47283,110
47284,250
47285,121
47286,214
47287,186
47288,242
47289,10
47290,37
47291,193
47292,7
47293,244
47294,165
47295,225
47297,144
47298,89
47299,144
47300,99
47301,241
47302,140
47303,80
47304,255
47305,209
47306,18
47307,35
47308,18
47309,2
47310,76
47311,112
47312,229
47313,190
47314,148
47316,235
47317,104
47318,31
47319,56
47320,234
47321,111
47322,74
47323,69
47324,167
47325,24
47326,75
47327,102
47328,251
47329,105
47330,135
47331,139
47332,68
47333,197
47334,26
47335,143
47336,140
47337,83
47338,136
47339,171
47340,7
47341,115
47342,4
47343,50
47344,147
47345,180
47346,44
47347,125
47348,132
47349,211
47350,178
47351,149
47352,241
47353,238
47354,88
47355,185
47356,145
47357,71
47358,3
47359,22
47360,122
47361,65
47362,130
47363,196
47364,182
47365,186
47366,142
47367,107
47368,7
47369,138
47370,43
47371,144
47372,242
47373,74
47374,129
47375,113
47376,105
47377,16
47378,112
47379,121
47380,17
47381,167
47382,39
47383,230
47384,253
47385,57
47386,39
47387,52
47388,148
47389,28
47390,197
47391,115
47392,58
47393,252
47394,191
47395,100
47396,220
47397,211
47398,20
47399,242
47400,20
47401,178
47402,137
47403,55
47404,247
47405,152
47406,180
47407,132
47408,135
47409,113
47410,9
47411,86
47412,85
47413,240
47414,128
47415,240
47416,203
47417,146
47418,255
47419,143
47420,201
47421,145
47422,26
47423,66
47424,225
47425,239
47426,71
47427,193
47428,176
47429,35
47430,182
47431,208
47432,14
47433,155
47434,149
47435,12
47436,243
47437,251
47438,202
47439,151
47440,98
47441,233
47442,98
47443,50
47444,67
47445,203
47446,104
47447,175
47448,242
47449,187
47450,203
47451,148
47452,60
47453,251
47454,225
47455,84
47456,63
47457,2
47458,141
47459,170
47460,187
47461,247
47462,202
47463,176
47464,175
47465,194
47466,55
47467,131
47468,44
47469,214
47470,155
47471,93
47472,22
47473,167
47474,184
47475,181
47476,214
47477,45
47478,51
47479,233
47480,232
47481,66
47482,196
47483,98
47484,215
47485,76
47486,79
47487,233
47488,167
47489,120
47490,57
47491,95
47492,211
47493,54
47494,88
47495,117
47496,151
47497,26
47498,184
47499,200
47500,40
47501,197
47502,237
47503,219
47504,175
47505,143
47506,10
47507,251
47508,201
47509,112
47510,110
47511,208
47512,92
47513,44
47514,255
47515,74
47516,106
47517,248
47518,67
47519,232
47520,126
47521,213
47522,110
47523,126
47524,44
47525,216
47526,141
47527,69
47528,83
47529,237
47530,190
47531,195
47532,246
47533,117
47534,59
47535,243
47536,35
47537,86
47538,228
47539,246
47540,130
47541,77
47542,135
47543,63
47544,200
47545,176
47546,54
47547,238
47548,100
47549,95
47550,77
47551,49
47552,69
47553,206
47554,131
47555,63
47556,255
47557,188
47558,39
47559,138
47560,122
47561,25
47562,48
47565,222
47566,72
47567,7
47568,250
47569,35
47570,171
47571,95
47572,80
47573,40
47574,36
47575,189
47576,113
47577,64
47578,178
47579,92
47580,47
47581,83
47582,24
47583,99
47584,13
47585,61
47586,126
47587,43
47588,129
47589,41
47590,168
47591,96
47592,69
47593,84
47594,183
47595,71
47596,165
47597,188
47598,131
47599,53
47600,90
47601,141
47602,39
47603,211
47604,237
47605,63
47606,86
47607,104
47608,160
47609,63
47610,12
47611,77
47612,77
47613,189
47614,63
47615,179
47616,134
47617,230
47618,107
47619,83
47620,45
47621,160
47622,54
47623,228
47624,46
47625,236
47626,49
47627,149
47628,4
47629,252
47630,149
47631,255
47632,199
47633,95
47634,58
47635,42
47636,73
47637,135
47638,102
47639,57
47640,72
47641,19
47642,26
47643,10
47644,230
47645,169
47646,169
47647,85
47648,184
47649,172
47650,165
47651,86
47652,222
47653,191
47654,229
47655,52
47656,1
47657,70
47658,118
47659,204
47660,227
47661,155
47662,223
47663,189
47664,182
47665,174
47666,135
47667,242
47668,69
47669,247
47670,6
47671,241
47672,128
47673,215
47674,134
47675,225
47676,236
47677,82
47678,95
47679,103
47680,22
47681,156
47682,5
47683,186
47684,203
47685,121
47686,163
47687,196
47688,6
47689,36
47690,111
47691,32
47692,154
47693,208
47694,163
47695,46
47696,98
47697,6
47698,100
47699,240
47700,20
47701,77
47702,197
47703,51
47704,89
47705,232
47706,100
47707,70
47708,37
47709,61
47710,159
47711,46
47712,193
47713,166
47714,242
47715,48
47716,168
47717,158
47718,219
47719,39
47720,9
47721,179
47722,69
47723,37
47724,149
47725,240
47726,75
47727,196
47728,198
47729,19
47730,203
47731,122
47732,217
47733,246
47734,171
47735,39
47736,117
47737,124
47738,56
47739,23
47740,97
47741,124
47742,1
47743,112
47744,79
47745,212
47746,183
47747,215
47748,155
47749,133
47750,250
47751,9
47752,65
47753,73
47754,168
47755,62
47756,252
47757,119
47758,47
47759,130
47760,182
47761,103
47762,88
47763,150
47764,23
47765,125
47766,110
47767,183
47768,146
47769,135
47770,158
47771,77
47772,91
47773,164
47774,178
47775,25
47776,33
47777,69
47778,85
47779,162
47780,129
47781,254
47782,76
47807,110
47808,169
47809,50
47810,48
47811,198
47812,169
47813,64
47814,152
47815,98
47816,240
47817,43
47818,48
47819,159
47820,213
47821,27
47822,170
47823,129
47824,188
47825,120
47826,191
47827,103
47828,168
47829,95
47830,45
47831,134
47832,66
47833,117
47834,147
47835,227
47836,233
47837,66
47839,55
47840,221
47841,243
47842,88
47843,116
47844,170
47845,141
47846,40
47847,69
47848,45
47849,191
47850,46
47851,57
47852,182
47853,80
47854,177
47855,67
47856,162
47857,220
47858,42
47859,245
47860,36
47861,219
47862,46
47863,185
47864,184
47865,66
47866,189
47867,189
47868,89
47869,116
47870,114
47871,73
47872,153
47873,234
47874,58
47875,185
47876,7
47877,58
47878,235
47879,230
47880,27
47881,254
47882,232
47883,4
47884,41
47885,227
47886,96
47887,103
47888,209
47889,159
47890,137
47891,81
47892,162
47893,98
47894,33
47895,46
47896,89
47897,159
47898,248
47899,71
47900,8
47901,161
47902,45
47903,201
47904,191
47905,81
47906,135
47907,152
47908,185
47909,29
47910,104
47911,213
47912,130
47913,160
47914,18
47915,33
47916,117
47917,187
47918,189
47919,90
47920,118
47921,13
47922,157
47923,143
47924,198
47925,118
47926,42
47927,129
47928,177
47929,33
47930,198
47931,31
47932,95
47933,151
47934,241
47935,219
47936,43
47937,222
47938,66
47939,53
47940,42
47941,53
47942,61
47943,120
47944,48
47945,25
47946,220
47947,144
47948,112
47949,69
47950,105
47951,30
47952,217
47953,50
47954,172
47955,99
47956,137
47957,119
47958,246
47959,6
47960,198
47961,81
47962,15
47963,228
47964,195
47965,184
47966,64
47967,139
47968,103
47969,140
47970,86
47971,93
47972,28
47973,22
47974,15
47975,97
47976,57
47977,96
47978,121
47979,170
47980,97
47981,237
47982,207
47983,119
47984,250
47985,166
47986,64
47987,83
47988,126
47989,174
47990,48
47991,164
47992,113
47993,191
47994,184
47995,216
47996,220
47997,28
47998,13
47999,140
48000,243
48001,222
48002,135
48003,87
48004,53
48005,144
48006,146
48007,161
48008,46
48009,18
48010,85
48011,6
48012,99
48013,191
48014,67
48015,248
48016,20
48017,158
48018,2
48019,170
48020,8
48021,109
48022,235
48023,72
48024,232
48025,41
48026,42
48027,50
48028,218
48029,108
48030,237
48031,246
48032,211
48033,191
48034,209
48035,128
48036,243
48037,131
48038,120
48039,43
48040,49
48041,16
48042,43
48043,123
48044,217
48045,70
48046,207
48047,88
48048,189
48049,60
48050,188
48051,164
48052,215
48053,213
48054,106
48055,61
48056,13
48057,81
48058,154
48059,212
48060,34
48061,180
48062,47
48063,252
48064,88
48065,247
48066,227
48067,128
48068,55
48069,239
48070,154
48071,159
48072,205
48073,226
48076,116
48079,88
48081,11
48083,150
48084,73
48085,20
48086,169
48087,41
48088,200
48089,150
48090,235
48091,99
48092,57
48093,74
48094,143
48095,226
48096,67
48097,49
48098,65
48099,190
48100,232
48101,26
48102,141
48103,214
48105,201
48106,109
48107,47
48108,120
48109,94
48110,127
48111,21
48112,44
48113,20
48114,141
48115,13
48116,131
48117,117
48118,167
48119,185
48120,209
48121,4
48122,50
48123,97
48124,72
48125,197
48126,198
48127,71
48128,138
48129,240
48130,220
48131,167
48132,241
48133,69
48134,214
48135,119
48136,68
48137,31
48138,89
48139,85
48140,126
48141,4
48142,105
48143,141
48144,99
48145,23
48146,50
48147,169
48148,30
48149,94
48150,253
48151,23
48152,154
48153,124
48154,61
48155,4
48156,121
48157,9
48158,225
48159,133
48160,194
48161,181
48162,197
48163,227
48164,165
48165,236
48166,127
48168,240
48171,42
48175,163
48176,137
48178,3
48179,67
48180,143
48181,101
48182,38
48183,89
48184,190
48185,253
48186,96
48187,20
48188,6
48190,32
48191,159
48192,213
48193,128
48194,137
48200,29
48201,60
48202,60
48203,247
48204,84
48205,140
48208,37
48209,43
48210,105
48211,184
48212,58
48215,232
48218,99
48224,233
48225,198
48226,191
48227,208
48228,148
48229,84
48232,111
48233,122
48234,112
48235,116
48236,59
48237,26
48238,121
48239,237
48240,42
48241,213
48242,154
48243,58
48244,204
48245,56
48246,17
48247,62
48248,82
48249,148
48251,8
48252,86
48256,75
48257,21
48258,220
48259,10
48261,188
48262,9
48263,184
48266,162
48269,119
48272,90
48273,205
48274,149
48275,185
48276,14
48278,220
48279,142
48280,57
48281,167
48282,170
48284,154
48285,163
48286,68
48288,136
48290,247
48292,236
48295,160
48297,110
48298,89
48299,53
48300,93
48301,246
48302,56
48303,202
48304,217
48305,60
48306,29
48307,84
48308,183
48309,208
48310,231
48311,58
48312,246
48313,179
48314,89
48315,77
48316,118
48317,136
48318,17
48319,26
48320,101
48321,130
48322,35
48323,130
48324,224
48325,46
48326,51
48327,48
48328,233
48329,38
48330,72
48331,28
48332,34
48333,57
48334,121
48337,201
48339,182
48340,254
48342,44
48343,145
48344,84
48345,179
48346,129
48347,155
48348,37
48349,122
48350,219
48351,81
48352,20
48353,110
48354,184
48355,47
48356,219
48357,232
48358,249
48359,87
48360,112
48361,9
48362,233
48363,95
48364,191
48365,197
48366,216
48367,247
48369,151
48370,100
48371,133
48372,7
48373,70
48374,136
48375,139
48376,60
48377,43
48378,251
48379,247
48380,34
48383,120
48384,251
48385,43
48386,143
48387,54
48388,138
48389,39
48390,255
48391,161
48392,171
48393,186
48394,121
48395,167
48396,8
48397,254
48398,77
48399,100
48400,82
48401,29
48402,252
48403,174
48404,46
48405,35
48406,208
48407,184
48408,140
48409,58
48410,235
48411,246
48412,191
48413,149
48414,131
48415,175
48416,206
48417,246
48418,195
48419,146
48420,228
48421,204
48422,180
48423,13
48440,7
48441,129
48442,218
48443,90
48444,84
48445,179
48446,171
48447,93
48448,10
48449,2
48461,243
48465,154
48466,109
48467,99
48468,245
48469,244
48470,198
48471,252
48472,91
48473,52
48474,140
48476,163
48477,88
48478,91
48479,114
48480,156
48489,109
48490,246
48491,122
48492,213
48493,184
48494,153
48495,51
48496,51
48497,8
48498,175
48500,196
48501,59
48502,150
48503,119
48504,200
48505,163
48506,32
48509,196
48510,138
48511,184
48512,158
48513,86
48514,112
48515,135
48516,185
48517,173
48518,248
48519,84
48520,246
48521,242
48522,160
48523,193
48524,162
48525,245
48526,192
48527,165
48528,63
48529,197
48530,185
48531,250
48532,235
48533,74
48534,21
48535,158
48536,218
48537,91
48538,12
48539,239
48540,91
48541,48
48542,128
48543,198
48544,140
48545,198
48546,71
48552,87
48553,183
48561,113
48562,67
48563,61
48565,66
48566,39
48567,189
48568,9
48569,134
48572,155
48573,200
48574,41
48575,249
48576,232
48577,208
48579,72
48580,92
48581,120
48582,46
48583,21
48584,237
48585,202
48586,167
48587,173
48588,182
48589,27
48590,26
48591,27
48592,227
48593,37
48594,222
48595,194
48596,45
48597,217
48598,170
48599,174
48600,190
48601,216
48602,53
48603,241
48604,243
48605,62
48606,129
48607,66
48608,130
48609,228
48610,58
48611,248
48612,197
48613,146
48614,247
48615,202
48616,50
48617,133
48618,72
48619,109
48620,81
48621,223
48622,166
48623,255
48624,8
48625,221
48628,49
48629,18
48630,181
48631,173
48632,69
48633,121
48634,162
48635,194
48636,144
48637,71
48638,195
48639,30
48640,155
48641,75
48642,103
48643,46
48644,78
48645,87
48646,104
48647,227
48648,117
48649,53
48650,71
48651,96
48652,136
48654,42
48655,146
48656,244
48657,205
48658,174
48659,209
48660,83
48661,184
48662,42
48663,65
48664,119
48665,243
48666,21
48667,213
48668,36
48669,237
48670,147
48671,66
48672,37
48673,175
48674,208
48675,70
48676,127
48678,54
48680,81
48681,25
48682,5
48683,113
48684,213
48685,138
48686,87
48687,60
48688,196
48689,78
48695,127
48696,83
48698,91
48699,143
48700,141
48701,253
48703,200
48705,194
48706,188
48707,206
48708,73
48709,72
48710,9
48711,92
48712,222
48714,185
48716,188
48718,129
48720,173
48725,23
48726,140
48727,35
48728,214
48729,234
48730,163
48731,255
48732,77
48733,197
48734,141
48735,189
48736,154
48737,196
48738,126
48739,132
48740,80
48741,54
48742,32
48743,98
48744,146
48745,188
48750,131
48751,59
48752,129
48753,102
48754,241
48755,96
48756,184
48757,121
48758,32
48759,124
48760,135
48761,118
48762,92
48763,208
48764,60
48765,213
48776,161
48777,81
48778,6
48779,243
48780,21
48781,249
48782,176
48783,228
48784,182
48785,50
48786,92
48787,41
48788,182
48789,87
48790,184
48791,3
48800,3
48801,17
48802,98
48803,9
48804,89
48805,138
48806,48
48807,227
48808,101
48809,97
48810,31
48811,195
48812,140
48813,92
48814,253
48815,85
48817,163
48819,209
48820,68
48821,187
48823,34
48824,39
48825,245
48826,221
48827,102
48828,175
48829,250
48830,26
48831,126
48832,188
48833,153
48834,112
48835,101
48836,9
48837,106
48838,107
48839,22
48840,23
48841,226
48842,144
48851,86
48852,8
48853,10
48854,129
48919,131
48920,169
48921,156
48922,166
48923,85
48924,2
48925,17
48926,164
48927,196
48928,106
48929,79
48930,43
48931,242
48932,200
48933,132
48934,45
48935,64
48936,160
48937,132
48938,104
48939,131
48940,195
48941,102
48942,137
48943,217
48944,52
48945,243
48946,79
48947,42
48948,232
48949,18
48950,183
48951,23
48952,191
48953,18
48954,66
48955,104
48956,101
48957,242
48958,8
48959,210
48960,211
48961,80
48962,191
48963,8
48964,211
48965,116
48966,37
48967,5
48968,106
48969,198
48970,102
48971,227
48972,49
48973,78
48974,28
48975,78
48976,63
48977,127
48978,34
48979,18
48980,245
48981,94
48982,7
48983,201
48984,50
48985,250
48986,202
48987,90
48988,114
48989,178
48990,118
48991,121
48992,92
48993,210
48994,16
48995,247
48996,160
48997,181
48998,43
48999,164
49000,39
49001,126
49002,23
49003,214
49004,101
49005,134
49006,178
49007,142
49008,68
49009,42
49010,31
49011,195
49012,1
49013,106
49014,8
49015,134
49016,130
49017,101
49018,192
49019,158
49020,238
49021,223
49022,35
49023,59
49024,217
49025,10
49026,243
49027,35
49028,97
49029,2
49030,59
49031,27
49032,36
49033,163
49034,176
49035,114
49036,43
49037,236
49038,51
49039,47
49040,179
49041,228
49042,109
49043,239
49044,104
49045,11
49046,68
49047,242
49048,53
49049,171
49050,17
49051,36
49052,14
49053,162
49054,198
49055,216
49056,32
49057,253
49058,194
49059,198
49060,143
49061,91
49062,15
49063,36
49064,130
49065,122
49066,134
49067,235
49068,143
49069,28
49070,219
49071,131
49072,37
49073,245
49074,178
49080,57
49083,244
49084,228
49089,215
49090,142
49091,103
49092,212
49093,43
49094,222
49095,28
49096,114
49097,32
49098,74
49099,247
49100,154
49101,195
49102,128
49103,49
49104,39
49105,252
49106,56
49107,135
49108,205
49109,234
49110,15
49111,72
49112,140
49113,147
49114,134
49115,149
49116,171
49117,53
49118,143
49119,252
49120,207
49121,245
49122,229
49123,166
49124,114
49125,30
49126,173
49127,146
49128,12
49129,237
49130,198
49131,116
49132,189
49133,49
49134,150
49135,163
49136,39
49137,136
49138,4
49139,77
49140,21
49141,5
49142,67
49143,246
49144,161
49145,161
49146,205
49147,160
49148,168
49149,212
49150,246
49151,138
49152,15
49153,112
49154,106
49155,93
49156,215
49157,16
49158,3
49159,190
49160,154
49161,123
49162,125
49163,238
49164,129
49165,48
49166,94
49167,197
49168,185
49169,91
49170,67
49171,178
49172,167
49174,102
49175,70
49176,233
49177,143
49178,177
49180,123
49182,193
49183,110
49184,211
49185,93
49186,31
49187,144
49188,224
49189,168
49190,221
49191,22
49192,119
49193,179
49209,40
49210,184
49211,152
49212,196
49213,65
49214,59
49215,98
49216,243
49217,86
49218,89
49219,195
49220,149
49221,245
49223,242
49224,18
49225,195
49226,105
49227,192
49228,150
49230,65
49231,172
49232,125
49233,111
49234,146
49235,202
49236,19
49237,95
49238,143
49239,91
49240,215
49241,92
49242,117
49243,68
49244,223
49245,209
49246,245
49247,68
49248,98
49249,148
49250,146
49251,188
49252,67
49253,53
49254,170
49255,169
49256,70
49257,165
49258,35
49259,199
49260,197
49261,234
49262,81
49263,57
49264,32
49265,1
49266,184
49267,207
49268,133
49269,125
49270,71
49271,54
49272,111
49273,241
49274,106
49275,106
49276,15
49278,99
49279,143
49280,80
49281,131
49282,189
49283,86
49284,198
49285,146
49286,124
49287,234
49288,201
49289,84
49290,113
49291,116
49292,1
49293,36
49294,206
49295,200
49296,43
49298,59
49300,113
49301,26
49303,247
49304,26
49305,254
49306,6
49307,198
49308,240
49309,135
49310,158
49311,213
49312,200
49313,110
49314,150
49315,56
49316,54
49317,105
49318,67
49319,215
49320,230
49321,51
49322,120
49323,226
49325,142
49326,250
49328,63
49329,204
49330,81
49331,77
49332,243
49333,49
49334,49
49335,197
49337,1
49338,151
49339,106
49340,65
49341,168
49342,63
49343,18
49344,139
49345,88
49346,196
49348,238
49351,144
49352,210
49353,54
49354,143
49355,10
49356,12
49358,26
49359,106
49360,232
49361,11
49362,50
49363,144
49364,172
49365,74
49366,231
49367,127
49368,246
49369,166
49370,97
49371,202
49372,163
49374,229
49375,154
49376,174
49377,83
49378,240
49379,248
49380,193
49381,243
49382,93
49384,122
49385,210
49386,249
49387,213
49388,20
49389,177
49390,137
49392,4
49393,6
49394,89
49395,247
49397,191
49398,99
49399,181
49400,111
49401,87
49402,12
49403,134
49404,197
49405,87
49406,18
49407,149
49408,188
49409,119
49410,24
49411,151
49412,238
49418,178
49421,69
49422,26
49423,155
49425,106
49426,24
49428,1
49429,188
49430,21
49431,177
49432,56
49433,185
49434,90
49435,48
49436,6
49437,255
49438,201
49439,82
49440,91
49441,45
49442,162
49443,231
49444,108
49446,8
49447,164
49448,124
49449,16
49450,224
49451,6
49452,33
49453,165
49454,10
49455,98
49456,22
49457,72
49458,79
49459,109
49460,111
49461,74
49462,19
49464,160
49465,51
49466,185
49467,19
49471,41
49472,180
49473,223
49474,17
49475,169
49476,5
49477,149
49478,250
49479,39
49480,86
49481,73
49482,67
49483,217
49484,114
49485,114
49486,29
49487,254
49488,32
49489,137
49490,195
49491,21
49492,52
49496,73
49497,209
49498,139
49499,69
49500,124
49501,214
49502,148
49503,223
49504,239
49505,179
49506,229
49507,41
49508,155
49509,58
49510,85
49511,160
49512,212
49513,35
49517,63
49520,72
49522,46
49523,2
49524,231
49525,48
49526,136
49527,115
49528,211
49529,120
49530,83
49545,35
49546,147
49547,58
49548,100
49549,100
49550,39
49551,166
49552,73
49553,63
49554,89
49555,49
49556,50
49557,197
49558,55
49559,57
49560,163
49564,244
49567,33
49569,30
49570,196
49571,113
49572,154
49573,198
49574,215
49575,25
49576,77
49577,151
49579,210
49580,156
49582,246
49583,139
49584,233
49585,12
49591,173
49592,144
49593,126
49594,61
49595,66
49596,100
49597,48
49598,139
49599,98
49600,17
49601,20
49602,173
49603,157
49604,50
49605,146
49607,43
49608,99
49611,32
49612,128
49616,17
49617,139
49618,114
49619,59
49620,157
49621,60
49622,69
49623,94
49624,221
49625,47
49626,65
49627,64
49628,246
49629,212
49630,121
49633,202
49640,83
49641,236
49642,195
49643,35
49644,87
49645,141
49646,5
49647,242
49648,194
49649,6
49650,176
49651,126
49652,73
49653,210
49654,168
49656,58
49657,102
49661,113
49663,69
49667,87
49668,187
49669,31
49670,67
49671,250
49672,134
49673,198
49674,9
49675,212
49676,185
49677,194
49678,34
49679,8
49680,19
49681,100
49682,232
49683,95
49688,137
49689,191
49690,124
49691,231
49692,29
49693,17
49694,164
49695,233
49696,19
49697,57
49698,185
49699,188
49700,241
49706,200
49707,61
49708,229
49709,97
49710,69
49711,55
49712,243
49713,86
49714,171
49715,15
49716,193
49717,210
49718,221
49719,137
49720,158
49721,51
49722,57
49723,94
49724,181
49725,188
49726,214
49727,118
49728,243
49729,122
49730,41
49735,137
49736,241
49737,248
49738,108
49739,31
49740,88
49741,217
49742,215
49743,112
49744,42
49745,63
49747,60
49751,252
49752,95
49753,176
49754,58
49755,2
49756,109
49758,179
49759,207
49761,252
49762,160
49763,57
49764,245
49765,181
49766,149
49767,61
49768,219
49769,170
49770,108
49771,84
49772,185
49773,232
49774,14
49775,106
49776,77
49777,205
49778,193
49779,247
49780,8
49781,247
49782,103
49783,213
49784,157
49785,228
49786,26
49787,254
49788,114
49789,236
49790,49
49791,14
49792,199
49793,207
49794,243
49795,238
49796,19
49797,54
49798,89
49799,232
49801,242
49802,231
49803,94
49804,123
49805,185
49806,243
49807,136
49808,56
49809,108
49810,68
49811,182
49812,233
49815,27
49816,197
49817,60
49818,16
49819,165
49820,212
49821,104
49822,182
49823,179
49824,42
49825,64
49826,50
49827,234
49828,252
49829,189
49830,212
49831,30
49832,190
49833,28
49834,74
49835,95
49836,119
49837,22
49838,166
49839,193
49840,112
49841,196
49842,163
49843,101
49844,132
49845,183
49846,29
49847,137
49848,222
49849,185
49850,138
49851,114
49852,38
49853,178
49854,39
49857,79
49858,111
49859,55
49860,130
49861,98
49862,116
49863,216
49864,82
49865,198
49866,187
49867,188
49868,237
49869,41
49870,254
49871,167
49872,235
49873,252
49874,156
49881,84
49882,25
49883,43
49884,1
49885,70
49888,194
49889,166
49890,127
49891,143
49892,199
49893,234
49894,121
49895,66
49897,176
49898,101
49904,253
49905,216
49906,240
49907,209
49908,40
49909,174
49910,209
49911,66
49912,128
49913,87
49914,77
49915,243
49916,83
49917,226
49918,170
49919,206
49921,44
49922,36
49923,224
49924,72
49925,9
49926,188
49927,24
49928,143
49930,227
49931,155
49932,235
49933,163
49934,163
49935,142
49936,158
49937,194
49938,43
49939,132
49940,56
49946,21
49947,221
49948,112
49951,52
49952,148
49953,242
49954,139
49955,129
49956,181
49961,156
49962,241
49967,94
49977,160
49979,139
49980,105
49981,231
49982,163
49983,25
49984,180
49985,56
49986,30
49987,246
49988,126
49989,71
49990,3
49991,111
49994,111
49995,13
49998,42
50000,68
50006,175
50007,75
50008,118
50009,213
50010,102
50011,55
50012,15
50013,38
50014,38
50015,179
50016,151
50019,82
50021,179
50022,199
50023,211
50024,144
50025,90
50026,169
50027,88
50028,151
50029,46
50030,70
50031,32
50032,213
50033,201
50038,13
50046,1
50048,245
50049,7
50050,222
50051,169
50052,35
50053,172
50054,192
50055,88
50059,73
50060,220
50061,254
50062,25
50063,145
50064,219
50068,78
50071,18
50072,213
50073,82
50074,108
50075,208
50076,112
50077,185
50078,168
50079,179
50080,81
50081,200
50082,58
50083,87
50084,31
50085,48
50086,69
50087,242
50088,21
50091,93
50094,228
50096,192
50097,35
50098,81
50099,83
50100,1
50101,215
50102,5
50103,66
50104,143
50105,106
50106,62
50107,180
50108,220
50109,128
50110,89
50111,72
50112,132
50118,250
50119,81
50120,190
50121,85
50122,32
50123,224
50124,211
50125,139
50126,182
50127,228
50128,238
50129,79
50130,78
50131,143
50132,4
50133,57
50134,57
50135,14
50143,128
50144,137
50145,91
50146,3
50147,172
50148,157
50149,171
50150,88
50151,99
50152,209
50153,242
50154,138
50155,250
50156,12
50157,2
50158,213
50159,14
50160,194
50161,137
50162,90
50163,196
50164,214
50165,218
50166,54
50168,177
50169,57
50170,251
50171,51
50172,134
50173,98
50174,32
50175,194
50176,72
50177,33
50178,166
50179,110
50180,88
50181,176
50182,234
50183,115
50185,200
50191,225
50194,87
50195,161
50196,47
50197,190
50198,183
50199,163
50200,155
50201,211
50202,80
50204,125
50205,20
50206,20
50207,23
50208,76
50209,153
50210,245
50211,189
50212,69
50215,226
50216,235
50217,151
50218,186
50219,129
50220,116
50221,140
50222,205
50223,29
50224,154
50225,227
50226,140
50227,17
50228,151
50229,48
50230,249
50231,20
50232,4
50233,115
50235,47
50238,36
50241,36
50243,248
50244,168
50245,76
50246,119
50247,236
50248,237
50249,199
50250,210
50251,246
50252,131
50253,167
50254,235
50255,2
50256,65
50257,183
50259,153
50260,195
50261,143
50262,23
50263,224
50264,223
50265,40
50266,242
50267,14
50268,43
50269,141
50270,31
50271,163
50272,229
50273,54
50293,89
50294,187
50297,119
50298,151
50299,123
50300,214
50301,86
50302,124
50303,14
50311,190
50312,12
50321,236
50322,227
50323,11
50324,88
50325,90
50326,110
50327,195
50328,247
50329,61
50330,237
50331,222
50332,237
50333,43
50334,231
50335,166
50336,151
50337,200
50338,31
50339,16
50340,193
50341,246
50342,199
50343,231
50344,46
50345,33
50346,120
50347,111
50348,138
50349,107
50350,240
50351,195
50352,217
50353,243
50354,70
50355,164
50356,80
50358,27
50359,150
50360,206
50361,83
50362,99
50363,236
50364,243
50365,23
50366,75
50367,172
50368,18
50369,15
50370,19
50371,247
50372,218
50373,114
50374,216
50375,242
50376,62
50377,24
50378,178
50382,239
50384,130
50385,69
50386,72
50387,144
50388,142
50389,44
50390,166
50391,195
50392,241
50393,236
50394,15
50395,52
50396,164
50397,67
50398,166
50399,12
50400,120
50402,98
50403,19
50409,184
50410,229
50411,32
50412,141
50413,24
50414,92
50415,190
50416,225
50417,48
50418,193
50419,246
50432,183
50433,197
50434,252
50435,64
50436,99
50437,16
50438,227
50439,59
50440,7
50441,37
50442,251
50443,203
50444,201
50445,161
50446,58
50448,45
50449,99
50451,211
50454,148
50455,100
50456,175
50457,139
50458,80
50459,220
50460,42
50461,221
50462,160
50463,155
50464,49
50465,47
50466,94
50467,4
50468,236
50469,103
50474,27
50475,1
50476,61
50480,219
50481,228
50482,222
50483,43
50484,151
50485,57
50486,245
50487,17
50507,120
50508,174
50509,226
50510,187
50511,233
50512,85
50513,180
50514,219
50515,237
50517,11
50518,83
50519,158
50522,254
50524,108
50525,53
50526,147
50527,98
50528,28
50529,244
50530,73
50531,135
50532,81
50533,164
50534,63
50535,78
50536,228
50537,244
50538,59
50539,167
50540,66
50554,232
50555,79
50557,91
50558,75
50559,114
50560,12
50562,231
50568,117
50577,109
50578,130
50579,74
50580,198
50586,178
50587,216
50601,80
50602,112
50603,162
50604,118
50605,72
50606,60
50607,187
50608,155
50609,86
50612,108
50613,199
50614,207
50615,237
50616,125
50618,158
50619,218
50620,237
50622,11
50624,213
50625,79
50626,198
50627,27
50628,89
50629,212
50630,120
50631,141
50632,149
50633,221
50634,181
50636,234
50637,124
50644,139
50649,98
50650,21
50651,4
50652,24
50653,58
50654,57
50655,93
50656,13
50657,65
50658,91
50662,91
50674,15
50675,51
50676,15
50677,127
50678,107
50679,27
50680,183
50681,131
50683,14
50684,204
50697,26
50698,251
50699,54
50700,15
50701,178
50702,249
50703,31
50704,146
50705,68
50707,214
50710,217
50720,80
50721,193
50722,244
50723,248
50724,73
50725,88
50726,132
50727,57
50728,124
50729,167
50730,238
50731,99
50732,92
50745,92
50746,161
50747,215
50748,125
50749,122
50750,127
50751,211
50752,33
50753,173
50754,120
50755,170
50756,36
50757,152
50758,241
50768,177
50769,152
50770,191
50771,174
50772,124
50773,245
50774,186
50775,129
50776,21
50777,126
50778,254
50779,175
50780,16
50781,255
50782,58
50783,53
50787,132
50793,7
50794,67
50795,120
50796,9
50797,140
50798,210
50799,201
50800,209
50801,79
50802,59
50803,116
50804,154
50807,77
50808,173
50809,228
50815,41
50816,87
50817,96
50818,116
50819,111
50820,79
50821,7
50822,33
50823,146
50824,149
50825,163
50826,105
50827,34
50828,232
50829,45
50831,232
50832,85
50833,196
50834,150
50837,196
50840,255
50841,174
50842,229
50843,202
50844,63
50845,112
50846,85
50847,137
50848,142
50849,160
50850,228
50851,84
50852,207
50854,182
50855,153
50856,2
50864,196
50865,86
50866,156
50867,120
50868,228
50874,52
50875,189
50876,128
50877,97
50878,141
50879,219
50881,233
50882,138
50884,47
50885,212
50888,125
50889,239
50890,76
50891,93
50892,224
50893,120
50894,26
50895,190
50896,57
50897,6
50898,100
50899,137
50900,4
50901,177
50902,91
50910,230
50911,181
50912,212
50913,201
50914,65
50915,152
50916,216
50917,112
50918,245
50919,124
50920,154
50921,195
50922,235
50923,137
50924,76
50925,251
50926,190
50927,33
50928,87
50931,244
50933,219
50937,64
50938,76
50939,75
50940,254
50941,235
50942,93
50943,82
50944,226
50945,237
50946,21
50947,140
50948,74
50949,35
50950,119
50951,224
50952,46
50953,166
50954,159
50959,14
50961,162
50962,198
50963,125
50964,91
50965,219
50966,136
50967,191
50968,32
50969,220
50970,49
50971,52
50972,24
50973,189
50974,205
50975,57
50979,160
50984,116
50985,38
50986,133
50987,49
50988,53
50989,3
50990,124
50991,84
50992,205
50993,44
50994,97
50995,248
50996,54
50997,78
50998,155
51001,22
51002,97
51003,84
51004,193
51005,115
51006,141
51007,209
51008,188
51009,142
51010,138
51011,140
51012,17
51013,192
51014,130
51015,238
51016,114
51017,56
51018,235
51019,206
51021,227
51028,147
51032,236
51033,148
51040,219
51041,152
51042,180
51043,240
51044,123
51045,225
51046,131
51049,90
51054,163
51055,23
51056,172
51057,106
51058,74
51059,105
51060,192
51061,8
51062,38
51063,104
51064,23
51065,138
51066,249
51067,3
51068,24
51069,78
51070,28
51071,49
51072,149
51073,112
51075,226
51076,36
51077,12
51078,101
51079,7
51080,27
51081,192
51082,78
51083,31
51084,92
51085,30
51086,14
51087,51
51088,182
51089,71
51090,64
51091,28
51092,17
51093,204
51094,41
51095,221
51096,144
51097,85
51098,149
51099,38
51100,131
51101,183
51102,49
51103,186
51104,237
51105,58
51106,84
51107,225
51108,218
51109,158
51110,209
51111,63
51112,29
51113,147
51114,236
51115,150
51116,241
51117,91
51118,53
51119,164
51120,165
51121,140
51122,186
51123,60
51124,160
51127,241
51128,210
51131,117
51132,20
51133,133
51134,228
51136,59
51137,183
51140,141
51153,166
51154,10
51155,1
51156,29
51157,187
51158,195
51159,214
51160,143
51161,89
51162,20
51177,2
51178,108
51179,107
51180,226
51181,94
51182,99
51183,34
51184,19
51185,6
51189,91
51192,229
51203,235
51204,40
51205,139
51207,204
51214,83
51215,7
51217,76
51219,156
51222,89
51225,85
51226,238
51227,161
51228,157
51229,104
51230,252
51231,215
51232,75
51233,25
51236,217
51237,77
51240,58
51248,7
51249,188
51250,33
51251,15
51252,251
51253,177
51254,143
51255,10
51256,166
51257,216
51258,96
51259,19
51260,132
51261,49
51262,12
51263,147
51264,6
51265,2
51266,92
51267,71
51269,184
51273,94
51274,31
51275,119
51276,53
51277,44
51278,39
51279,153
51280,43
51281,16
51282,165
51283,217
51284,55
51285,26
51286,85
51287,244
51288,203
51289,86
51290,191
51291,189
51292,250
51293,75
51294,154
51296,169
51300,60
51301,68
51302,25
51303,170
51304,52
51305,224
51306,166
51307,142
51308,160
51310,22
51311,150
51313,74
51314,133
51315,219
51316,207
51317,19
51318,164
51319,29
51320,34
51321,109
51322,153
51323,12
51324,169
51325,124
51326,56
51327,58
51328,57
51329,217
51330,249
51331,25
51332,57
51333,144
51334,252
51335,176
51336,171
51337,36
51338,65
51340,139
51341,75
51345,179
51346,46
51347,215
51348,67
51349,95
51350,37
51351,31
51352,136
51353,35
51354,60
51355,91
51356,133
51357,48
51358,216
51359,19
51360,216
51363,89
51364,217
51365,190
51366,58
51368,216
51369,12
51370,99
51371,129
51372,211
51373,242
51374,166
51375,173
51376,161
51377,12
51378,76
51379,116
51380,171
51381,122
51382,117
51383,242
51384,229
51387,3
51389,28
51390,71
51391,40
51392,165
51393,42
51394,235
51396,40
51398,243
51399,98
51401,241
51404,84
51414,14
51417,34
51418,204
51419,32
51420,31
51421,60
51422,13
51423,76
51424,130
51425,170
51427,152
51428,167
51429,246
51430,211
51431,44
51434,246
51435,10
51436,46
51437,79
51438,90
51439,224
51440,16
51441,11
51442,97
51443,53
51444,223
51445,239
51446,249
51447,98
51448,146
51454,170
51465,118
51466,15
51467,210
51468,215
51469,39
51470,126
51471,60
51472,88
51473,69
51474,194
51475,17
51476,71
51477,72
51478,79
51480,237
51481,241
51483,95
51484,90
51485,107
51486,242
51487,40
51488,206
51489,122
51490,58
51491,210
51492,128
51493,189
51495,212
51496,56
51497,253
51498,234
51499,254
51500,15
51501,200
51502,35
51503,6
51504,112
51505,236
51506,186
51507,35
51508,141
51509,237
51511,252
51512,206
51513,233
51514,115
51515,114
51516,53
51517,201
51518,86
51519,221
51520,45
51538,57
51539,159
51540,187
51541,6
51542,110
51543,188
51544,197
51545,173
51546,126
51547,6
51548,163
51549,27
51550,52
51551,181
51552,72
51553,187
51554,163
51555,192
51557,10
51558,162
51559,160
51560,199
51561,67
51562,155
51563,184
51565,178
51566,186
51567,180
51568,42
51570,20
51571,61
51572,96
51573,180
51574,112
51575,146
51576,62
51577,222
51578,135
51579,25
51580,213
51581,87
51582,221
51583,168
51584,37
51585,8
51586,244
51587,123
51588,26
51589,169
51590,73
51591,134
51592,173
51593,124
51594,236
51595,80
51596,142
51597,114
51602,154
51608,56
51609,142
51611,86
51612,135
51613,174
51614,244
51616,65
51617,143
51618,215
51619,182
51620,23
51621,29
51622,175
51623,86
51624,18
51625,228
51626,221
51627,45
51628,38
51629,125
51630,129
51631,46
51632,233
51633,180
51634,6
51635,118
51636,248
51637,117
51638,56
51639,167
51640,52
51641,116
51642,129
51643,17
51644,198
51645,165
51648,173
51650,213
51654,123
51655,80
51656,155
51657,6
51658,61
51659,93
51660,62
51661,182
51662,49
51663,221
51664,244
51665,72
51666,170
51667,23
51668,102
51669,168
51670,82
51671,222
51672,87
51673,156
51674,160
51675,136
51676,55
51677,9
51678,237
51679,29
51680,30
51681,15
51682,206
51683,90
51684,122
51685,192
51686,165
51687,3
51688,70
51689,131
51690,44
51691,144
51692,46
51693,200
51694,18
51695,234
51696,77
51697,63
51698,168
51700,208
51702,111
51703,202
51704,80
51705,22
51706,92
51707,245
51708,34
51710,34
51711,226
51712,145
51713,202
51714,61
51715,57
51716,55
51717,133
51718,167
51719,247
51720,38
51721,215
51722,10
51723,208
51724,96
51725,117
51726,36
51727,105
51728,99
51729,49
51730,210
51731,210
51732,120
51733,133
51734,159
51736,94
51737,104
51738,215
51739,99
51740,156
51741,97
51742,248
51743,123
51744,132
51745,136
51746,106
51747,61
51748,212
51749,227
51750,48
51751,146
51752,97
51753,150
51754,164
51755,192
51756,142
51757,253
51758,6
51759,147
51760,193
51761,182
51762,62
51763,16
51765,85
51768,25
51772,168
51777,117
51778,184
51779,123
51780,30
51781,240
51782,54
51784,245
51787,229
51789,83
51801,168
51804,5
51806,180
51807,253
51818,63
51819,177
51824,134
51826,91
51827,127
51828,192
51829,220
51830,64
51831,79
51832,233
51833,19
51835,196
51836,169
51839,118
51844,99
51846,35
51847,250
51848,242
51849,52
51850,55
51851,107
51852,216
51853,4
51854,66
51855,13
51857,73
51859,75
51860,75
51861,72
51862,109
51863,167
51865,165
51871,222
51872,162
51873,252
51874,47
51875,86
51876,106
51877,86
51878,62
51879,123
51880,27
51881,158
51882,195
51883,117
51884,123
51886,170
51887,122
51888,222
51890,92
51896,204
51897,95
51898,56
51899,202
51900,186
51901,74
51902,78
51903,59
51904,47
51905,220
51906,2
51907,11
51908,208
51909,145
51910,21
51911,120
51912,215
51913,226
51914,58
51915,210
51916,252
51917,222
51918,182
51919,15
51920,172
51921,197
51922,253
51923,167
51924,177
51925,53
51926,122
51927,65
51928,216
51929,129
51946,202
51948,236
51949,85
51950,198
51951,70
51953,217
51955,192
51956,168
51957,94
51958,88
51959,79
51960,182
51961,68
51962,6
51963,121
51964,101
51965,112
51966,188
51970,62
51972,99
51973,199
51974,70
51975,68
51976,191
51981,107
51985,14
51987,98
51993,25
51994,93
51995,233
51996,248
51997,169
51998,117
51999,38
52000,125
52001,160
52002,212
52003,251
52004,213
52005,33
52006,247
52016,254
52017,247
52018,115
52019,241
52020,100
52021,193
52022,207
52023,136
52024,206
52025,202
52026,5
52027,163
52029,154
52031,197
52038,133
52039,148
52040,7
52041,167
52042,7
52043,212
52045,197
52050,127
52065,209
52066,207
52068,171
52069,253
52070,20
52071,65
52072,76
52073,213
52074,77
52075,166
52076,20
52077,154
52078,159
52079,214
52080,177
52081,255
52083,99
52085,9
52086,101
52087,216
52088,55
52089,244
52090,7
52091,28
52092,253
52093,7
52094,75
52095,77
52096,69
52097,23
52098,53
52099,203
52100,2
52101,46
52102,171
52104,1
52109,228
52110,212
52111,246
52112,164
52113,109
52114,73
52115,211
52116,161
52117,210
52118,4
52119,226
52120,197
52121,103
52122,110
52123,65
52124,165
52126,232
52127,140
52128,168
52132,63
52134,235
52135,170
52136,9
52137,142
52138,4
52139,54
52140,180
52141,18
52142,43
52143,158
52144,125
52145,231
52146,132
52147,216
52148,78
52150,83
52151,53
52152,241
52155,28
52156,60
52157,40
52159,214
52160,50
52161,202
52162,122
52163,104
52164,62
52165,249
52166,167
52167,18
52168,118
52169,199
52170,29
52171,245
52173,148
52174,70
52175,177
52176,157
52177,35
52178,5
52179,156
52180,179
52181,215
52182,192
52183,127
52184,229
52185,132
52186,243
52187,83
52188,20
52189,102
52190,140
52191,148
52192,107
52193,244
52194,93
52195,184
52196,5
52198,239
52199,180
52202,185
52203,64
52204,214
52205,238
52206,21
52207,59
52208,156
52209,49
52210,46
52211,226
52212,12
52213,179
52215,135
52216,251
52217,106
52219,238
52220,17
52221,242
52222,143
52223,125
52224,93
52225,128
52226,151
52227,83
52228,113
52229,161
52230,78
52231,165
52232,223
52233,66
52234,94
52235,127
52236,90
52237,128
52238,218
52239,145
52240,75
52241,52
52242,141
52243,112
52244,244
52245,228
52246,144
52247,52
52248,31
52345,239
52346,136
52348,176
52349,109
52350,244
52352,65
52353,202
52354,89
52355,62
52356,100
52357,242
52358,140
52359,92
52360,139
52362,247
52363,62
52364,91
52365,170
52366,140
52367,148
52368,62
52369,167
52370,11
52371,47
52372,235
52373,149
52374,79
52375,103
52376,212
52377,243
52378,43
52379,142
52380,199
52381,23
52382,3
52383,207
52384,181
52385,210
52386,71
52387,154
52388,21
52389,236
52390,149
52391,143
52392,138
52393,88
52394,207
52395,126
52396,237
52397,127
52398,14
52399,79
52400,37
52401,33
52402,41
52403,155
52404,188
52405,171
52406,235
52407,68
52408,139
52410,166
52411,64
52412,58
52413,165
52414,92
52415,60
52416,44
52417,130
52418,20
52419,194
52420,159
52421,124
52422,229
52423,84
52424,245
52425,102
52426,208
52427,69
52428,59
52429,148
52430,13
52431,71
52432,160
52433,60
52435,182
52447,140
52448,178
52450,189
52451,70
52452,168
52453,114
52454,122
52455,134
52456,50
52457,250
52458,176
52459,232
52471,79
52473,103
52474,108
52475,164
52476,89
52477,206
52478,175
52479,29
52480,68
52481,30
52482,198
52483,170
52484,197
52485,42
52486,30
52487,239
52488,137
52489,81
52490,191
52491,182
52492,21
52493,198
52494,77
52495,242
52496,177
52497,11
52498,154
52499,107
52500,51
52501,61
52502,182
52503,249
52504,21
52505,65
52506,212
52507,211
52508,207
52509,205
52510,53
52511,158
52512,110
52513,82
52514,9
52515,94
52516,6
52517,100
52518,181
52519,117
52520,160
52521,59
52522,199
52523,115
52524,142
52525,194
52526,99
52528,146
52529,54
52530,66
52531,253
52532,138
52533,214
52534,253
52546,19
52547,84
52548,132
52549,60
52550,56
52551,45
52552,4
52553,35
52554,181
52557,134
52561,226
52562,158
52563,203
52564,195
52565,40
52566,55
52567,48
52568,82
52569,251
52570,149
52571,249
52572,42
52573,223
52574,20
52575,119
52576,46
52577,186
52578,233
52579,239
52580,84
52581,189
52582,62
52583,57
